case_id,label,gauss_a,gauss_b,distance_m,dist_bin_lo,match_group,variant
DouBanLv1_c2_c11,0,1457,603,0.09829172604268532,0.09,17187,1v1
DouBanLv1_c2_c11,1,24765,35651,0.09682008093335195,0.09,17187,1v1
DouBanLv1_c2_c11,0,1457,24174,0.09236365708096045,0.09,17188,1v1
DouBanLv1_c2_c11,1,24765,35651,0.09682008093335195,0.09,17188,1v1
DouBanLv1_c2_c11,0,1965,2833,0.07307710077800138,0.07,23804,1v1
DouBanLv1_c2_c11,1,12104,25840,0.07687300202347333,0.07,23804,1v1
DouBanLv1_c2_c11,0,2371,2833,0.06947337838759181,0.06,28193,1v1
DouBanLv1_c2_c11,1,42192,51676,0.06292612228312879,0.06,28193,1v1
DouBanLv1_c2_c11,0,2971,2833,0.07356896078299752,0.07,34848,1v1
DouBanLv1_c2_c11,1,12104,25840,0.07687300202347333,0.07,34848,1v1
DouBanLv1_c2_c11,0,3324,781,0.09242936603578251,0.09,37717,1v1
DouBanLv1_c2_c11,1,24765,35651,0.09682008093335195,0.09,37717,1v1
DouBanLv1_c2_c11,0,3324,49917,0.1039466856273019,0.1,37718,1v1
DouBanLv1_c2_c11,1,3349,48206,0.10087356607800722,0.1,37718,1v1
DouBanLv1_c2_c11,0,3414,251,0.11137053680262092,0.11,38124,1v1
DouBanLv1_c2_c11,1,1094,44144,0.11364954913212526,0.11,38124,1v1
DouBanLv1_c2_c11,0,3414,342,0.11500609425330571,0.11,38125,1v1
DouBanLv1_c2_c11,1,1094,44144,0.11364954913212526,0.11,38125,1v1
DouBanLv1_c2_c11,0,3414,781,0.0707443854384257,0.07,38126,1v1
DouBanLv1_c2_c11,1,12104,25840,0.07687300202347333,0.07,38126,1v1
DouBanLv1_c2_c11,0,3414,8921,0.08640296157794343,0.08,38127,1v1
DouBanLv1_c2_c11,1,15416,18920,0.08069162604643523,0.08,38127,1v1
DouBanLv1_c2_c11,0,3414,13222,0.09335215231667236,0.09,38128,1v1
DouBanLv1_c2_c11,1,24765,35651,0.09682008093335195,0.09,38128,1v1
DouBanLv1_c2_c11,0,3414,24202,0.10794877025757449,0.1,38129,1v1
DouBanLv1_c2_c11,1,3349,48206,0.10087356607800722,0.1,38129,1v1
DouBanLv1_c2_c11,0,3414,49917,0.07345297748413562,0.07,38130,1v1
DouBanLv1_c2_c11,1,12104,25840,0.07687300202347333,0.07,38130,1v1
DouBanLv1_c2_c11,0,3415,781,0.09811513933311103,0.09,38153,1v1
DouBanLv1_c2_c11,1,24765,35651,0.09682008093335195,0.09,38153,1v1
DouBanLv1_c2_c11,0,3415,8921,0.10184816178725266,0.1,38154,1v1
DouBanLv1_c2_c11,1,3349,48206,0.10087356607800722,0.1,38154,1v1
DouBanLv1_c2_c11,0,3415,13222,0.11646785088988351,0.11,38155,1v1
DouBanLv1_c2_c11,1,1094,44144,0.11364954913212526,0.11,38155,1v1
DouBanLv1_c2_c11,0,3415,49917,0.08237381999851562,0.08,38156,1v1
DouBanLv1_c2_c11,1,15416,18920,0.08069162604643523,0.08,38156,1v1
DouBanLv1_c2_c11,0,4009,781,0.11680772189994373,0.11,41651,1v1
DouBanLv1_c2_c11,1,1094,44144,0.11364954913212526,0.11,41651,1v1
DouBanLv1_c2_c11,0,4009,8921,0.11306613705500934,0.11,41652,1v1
DouBanLv1_c2_c11,1,1094,44144,0.11364954913212526,0.11,41652,1v1
DouBanLv1_c2_c11,0,4009,49917,0.09096394194675386,0.09,41653,1v1
DouBanLv1_c2_c11,1,24765,35651,0.09682008093335195,0.09,41653,1v1
DouBanLv1_c2_c11,0,4017,781,0.07566657481273475,0.07,41763,1v1
DouBanLv1_c2_c11,1,12104,25840,0.07687300202347333,0.07,41763,1v1
DouBanLv1_c2_c11,0,4017,49917,0.10558034196094974,0.1,41764,1v1
DouBanLv1_c2_c11,1,3349,48206,0.10087356607800722,0.1,41764,1v1
DouBanLv1_c2_c11,0,4169,781,0.1044317070297534,0.1,43080,1v1
DouBanLv1_c2_c11,1,3349,48206,0.10087356607800722,0.1,43080,1v1
DouBanLv1_c2_c11,0,4169,49917,0.10234938485554135,0.1,43081,1v1
DouBanLv1_c2_c11,1,3349,48206,0.10087356607800722,0.1,43081,1v1
DouBanLv1_c2_c11,0,8248,2833,0.0720824741541609,0.07,65629,1v1
DouBanLv1_c2_c11,1,12104,25840,0.07687300202347333,0.07,65629,1v1
DouBanLv1_c2_c11,0,10838,2413,0.07361586649665133,0.07,89328,1v1
DouBanLv1_c2_c11,1,12104,25840,0.07687300202347333,0.07,89328,1v1
DouBanLv1_c2_c11,0,10838,2833,0.04150656257460463,0.04,89329,1v1
DouBanLv1_c2_c11,1,7352,20262,0.043026628137875146,0.04,89329,1v1
DouBanLv1_c2_c11,0,10838,23996,0.061083628055052734,0.06,89330,1v1
DouBanLv1_c2_c11,1,42192,51676,0.06292612228312879,0.06,89330,1v1
DouBanLv1_c2_c11,0,10838,24506,0.0754729176723514,0.07,89331,1v1
DouBanLv1_c2_c11,1,12104,25840,0.07687300202347333,0.07,89331,1v1
DouBanLv1_c2_c11,0,10838,26556,0.06492107120575699,0.06,89332,1v1
DouBanLv1_c2_c11,1,42192,51676,0.06292612228312879,0.06,89332,1v1
DouBanLv1_c2_c11,0,10838,33356,0.0660579327636407,0.06,89333,1v1
DouBanLv1_c2_c11,1,42192,51676,0.06292612228312879,0.06,89333,1v1
DouBanLv1_c2_c11,0,10838,42419,0.07629046425001076,0.07,89334,1v1
DouBanLv1_c2_c11,1,12104,25840,0.07687300202347333,0.07,89334,1v1
DouBanLv1_c2_c11,0,10838,49377,0.08480243199230277,0.08,89335,1v1
DouBanLv1_c2_c11,1,15416,18920,0.08069162604643523,0.08,89335,1v1
DouBanLv1_c2_c11,0,11083,2413,0.09219441689521748,0.09,91408,1v1
DouBanLv1_c2_c11,1,24765,35651,0.09682008093335195,0.09,91408,1v1
DouBanLv1_c2_c11,0,11083,2833,0.058805848745014065,0.05,91409,1v1
DouBanLv1_c2_c11,1,3996,10506,0.05734610593736199,0.05,91409,1v1
DouBanLv1_c2_c11,0,11083,23996,0.0793062905944967,0.07,91410,1v1
DouBanLv1_c2_c11,1,12104,25840,0.07687300202347333,0.07,91410,1v1
DouBanLv1_c2_c11,0,11258,49917,0.11262906548370105,0.11,93769,1v1
DouBanLv1_c2_c11,1,1094,44144,0.11364954913212526,0.11,93769,1v1
DouBanLv1_c2_c11,0,12661,49917,0.10028753880465548,0.1,105377,1v1
DouBanLv1_c2_c11,1,3349,48206,0.10087356607800722,0.1,105377,1v1
DouBanLv1_c2_c11,0,16939,2833,0.07098991236922815,0.07,137236,1v1
DouBanLv1_c2_c11,1,12104,25840,0.07687300202347333,0.07,137236,1v1
DouBanLv1_c2_c11,0,16939,23996,0.08063189985678496,0.08,137237,1v1
DouBanLv1_c2_c11,1,15416,18920,0.08069162604643523,0.08,137237,1v1
DouBanLv1_c2_c11,0,16939,26556,0.0675369909989942,0.06,137238,1v1
DouBanLv1_c2_c11,1,42192,51676,0.06292612228312879,0.06,137238,1v1
DouBanLv1_c2_c11,0,19861,2833,0.07362079752532838,0.07,157734,1v1
DouBanLv1_c2_c11,1,12104,25840,0.07687300202347333,0.07,157734,1v1
DouBanLv1_c2_c11,0,23259,2833,0.0688702369346218,0.06,179341,1v1
DouBanLv1_c2_c11,1,42192,51676,0.06292612228312879,0.06,179341,1v1
DouBanLv1_c2_c11,0,25434,23996,0.07412823443405682,0.07,191291,1v1
DouBanLv1_c2_c11,1,12104,25840,0.07687300202347333,0.07,191291,1v1
DouBanLv1_c2_c11,0,25434,26556,0.05383320305958947,0.05,191292,1v1
DouBanLv1_c2_c11,1,3996,10506,0.05734610593736199,0.05,191292,1v1
DouBanLv1_c2_c11,0,25434,33356,0.06741506848106238,0.06,191293,1v1
DouBanLv1_c2_c11,1,42192,51676,0.06292612228312879,0.06,191293,1v1
DouBanLv1_c2_c11,0,25705,2833,0.07146599058723654,0.07,192672,1v1
DouBanLv1_c2_c11,1,12104,25840,0.07687300202347333,0.07,192672,1v1
DouBanLv1_c2_c11,0,26077,2833,0.0631721309452742,0.06,194725,1v1
DouBanLv1_c2_c11,1,42192,51676,0.06292612228312879,0.06,194725,1v1
DouBanLv1_c2_c11,0,26077,23996,0.0731153770105944,0.07,194726,1v1
DouBanLv1_c2_c11,1,12104,25840,0.07687300202347333,0.07,194726,1v1
DouBanLv1_c2_c11,0,26077,26556,0.05964924949308572,0.05,194727,1v1
DouBanLv1_c2_c11,1,3996,10506,0.05734610593736199,0.05,194727,1v1
DouBanLv1_c2_c11,0,26077,33356,0.0728724582273772,0.07,194728,1v1
DouBanLv1_c2_c11,1,12104,25840,0.07687300202347333,0.07,194728,1v1
DouBanLv1_c2_c11,0,26091,23996,0.07751486278394155,0.07,194801,1v1
DouBanLv1_c2_c11,1,12104,25840,0.07687300202347333,0.07,194801,1v1
DouBanLv1_c2_c11,0,26091,26556,0.06787732988342562,0.06,194802,1v1
DouBanLv1_c2_c11,1,42192,51676,0.06292612228312879,0.06,194802,1v1
DouBanLv1_c2_c11,0,26800,2833,0.07236510809805767,0.07,198865,1v1
DouBanLv1_c2_c11,1,12104,25840,0.07687300202347333,0.07,198865,1v1
DouBanLv1_c2_c11,0,26800,23996,0.07491617161257469,0.07,198866,1v1
DouBanLv1_c2_c11,1,12104,25840,0.07687300202347333,0.07,198866,1v1
DouBanLv1_c2_c11,0,26800,26556,0.05597002670029091,0.05,198867,1v1
DouBanLv1_c2_c11,1,3996,10506,0.05734610593736199,0.05,198867,1v1
DouBanLv1_c2_c11,0,26800,33356,0.06989221070693027,0.06,198868,1v1
DouBanLv1_c2_c11,1,42192,51676,0.06292612228312879,0.06,198868,1v1
DouBanLv1_c2_c11,0,27125,2413,0.06963506003002738,0.06,200872,1v1
DouBanLv1_c2_c11,1,42192,51676,0.06292612228312879,0.06,200872,1v1
DouBanLv1_c2_c11,0,27125,2833,0.04146736034101781,0.04,200873,1v1
DouBanLv1_c2_c11,1,7352,20262,0.043026628137875146,0.04,200873,1v1
DouBanLv1_c2_c11,0,27125,23996,0.06064901344446673,0.06,200874,1v1
DouBanLv1_c2_c11,1,42192,51676,0.06292612228312879,0.06,200874,1v1
DouBanLv1_c2_c11,0,27125,24506,0.07678414834561381,0.07,200875,1v1
DouBanLv1_c2_c11,1,12104,25840,0.07687300202347333,0.07,200875,1v1
DouBanLv1_c2_c11,0,27125,26556,0.07197502225190221,0.07,200876,1v1
DouBanLv1_c2_c11,1,12104,25840,0.07687300202347333,0.07,200876,1v1
DouBanLv1_c2_c11,0,27125,33356,0.07204126475914464,0.07,200877,1v1
DouBanLv1_c2_c11,1,12104,25840,0.07687300202347333,0.07,200877,1v1
DouBanLv1_c2_c11,0,27125,42419,0.07909399726455518,0.07,200878,1v1
DouBanLv1_c2_c11,1,12104,25840,0.07687300202347333,0.07,200878,1v1
DouBanLv1_c2_c11,0,27125,49377,0.08801097566156942,0.08,200879,1v1
DouBanLv1_c2_c11,1,15416,18920,0.08069162604643523,0.08,200879,1v1
DouBanLv1_c2_c11,0,27138,26556,0.07495066283990043,0.07,200989,1v1
DouBanLv1_c2_c11,1,12104,25840,0.07687300202347333,0.07,200989,1v1
DouBanLv1_c2_c11,0,27522,2413,0.09354634081889754,0.09,202653,1v1
DouBanLv1_c2_c11,1,24765,35651,0.09682008093335195,0.09,202653,1v1
DouBanLv1_c2_c11,0,27522,2833,0.06274497329086676,0.06,202654,1v1
DouBanLv1_c2_c11,1,42192,51676,0.06292612228312879,0.06,202654,1v1
DouBanLv1_c2_c11,0,27522,23996,0.07131621028124653,0.07,202655,1v1
DouBanLv1_c2_c11,1,12104,25840,0.07687300202347333,0.07,202655,1v1
DouBanLv1_c2_c11,0,27522,26556,0.056940054518284336,0.05,202656,1v1
DouBanLv1_c2_c11,1,3996,10506,0.05734610593736199,0.05,202656,1v1
DouBanLv1_c2_c11,0,27522,33356,0.07044273981090375,0.07,202657,1v1
DouBanLv1_c2_c11,1,12104,25840,0.07687300202347333,0.07,202657,1v1
DouBanLv1_c2_c11,0,28311,26556,0.07351993080762095,0.07,206729,1v1
DouBanLv1_c2_c11,1,12104,25840,0.07687300202347333,0.07,206729,1v1
DouBanLv1_c2_c11,0,28400,2833,0.06774481872855039,0.06,207075,1v1
DouBanLv1_c2_c11,1,42192,51676,0.06292612228312879,0.06,207075,1v1
DouBanLv1_c2_c11,0,28440,23996,0.07735604359731178,0.07,207348,1v1
DouBanLv1_c2_c11,1,12104,25840,0.07687300202347333,0.07,207348,1v1
DouBanLv1_c2_c11,0,28440,26556,0.0670941598294817,0.06,207349,1v1
DouBanLv1_c2_c11,1,42192,51676,0.06292612228312879,0.06,207349,1v1
DouBanLv1_c2_c11,0,28440,33356,0.080396381540811,0.08,207350,1v1
DouBanLv1_c2_c11,1,15416,18920,0.08069162604643523,0.08,207350,1v1
DouBanLv1_c2_c11,0,29856,2833,0.06927692632566163,0.06,214937,1v1
DouBanLv1_c2_c11,1,42192,51676,0.06292612228312879,0.06,214937,1v1
DouBanLv1_c2_c11,0,30322,2833,0.06116790213114283,0.06,216886,1v1
DouBanLv1_c2_c11,1,42192,51676,0.06292612228312879,0.06,216886,1v1
DouBanLv1_c2_c11,0,30578,2413,0.08957429141140782,0.08,218240,1v1
DouBanLv1_c2_c11,1,15416,18920,0.08069162604643523,0.08,218240,1v1
DouBanLv1_c2_c11,0,30578,23996,0.07223077282412128,0.07,218241,1v1
DouBanLv1_c2_c11,1,12104,25840,0.07687300202347333,0.07,218241,1v1
DouBanLv1_c2_c11,0,30578,26556,0.06276135310259398,0.06,218242,1v1
DouBanLv1_c2_c11,1,42192,51676,0.06292612228312879,0.06,218242,1v1
DouBanLv1_c2_c11,0,30578,33356,0.0746677553841411,0.07,218243,1v1
DouBanLv1_c2_c11,1,12104,25840,0.07687300202347333,0.07,218243,1v1
DouBanLv1_c2_c11,0,31782,2413,0.08824935710855326,0.08,223726,1v1
DouBanLv1_c2_c11,1,15416,18920,0.08069162604643523,0.08,223726,1v1
DouBanLv1_c2_c11,0,31782,2833,0.05340738497377026,0.05,223727,1v1
DouBanLv1_c2_c11,1,3996,10506,0.05734610593736199,0.05,223727,1v1
DouBanLv1_c2_c11,0,31782,23996,0.07409413807390525,0.07,223728,1v1
DouBanLv1_c2_c11,1,12104,25840,0.07687300202347333,0.07,223728,1v1
DouBanLv1_c2_c11,0,31782,24506,0.09204713887990636,0.09,223729,1v1
DouBanLv1_c2_c11,1,24765,35651,0.09682008093335195,0.09,223729,1v1
DouBanLv1_c2_c11,0,31782,33356,0.08001446263760476,0.08,223730,1v1
DouBanLv1_c2_c11,1,15416,18920,0.08069162604643523,0.08,223730,1v1
DouBanLv1_c2_c11,0,31883,2413,0.08120306623078387,0.08,224214,1v1
DouBanLv1_c2_c11,1,15416,18920,0.08069162604643523,0.08,224214,1v1
DouBanLv1_c2_c11,0,31883,2833,0.04499753184406048,0.04,224215,1v1
DouBanLv1_c2_c11,1,7352,20262,0.043026628137875146,0.04,224215,1v1
DouBanLv1_c2_c11,0,31883,23996,0.06568982846752827,0.06,224216,1v1
DouBanLv1_c2_c11,1,42192,51676,0.06292612228312879,0.06,224216,1v1
DouBanLv1_c2_c11,0,31883,24506,0.08546763842270615,0.08,224217,1v1
DouBanLv1_c2_c11,1,15416,18920,0.08069162604643523,0.08,224217,1v1
DouBanLv1_c2_c11,0,31883,26556,0.06746882493380622,0.06,224218,1v1
DouBanLv1_c2_c11,1,42192,51676,0.06292612228312879,0.06,224218,1v1
DouBanLv1_c2_c11,0,31883,33356,0.07185349808352892,0.07,224219,1v1
DouBanLv1_c2_c11,1,12104,25840,0.07687300202347333,0.07,224219,1v1
DouBanLv1_c2_c11,0,31883,42419,0.08610725691611262,0.08,224220,1v1
DouBanLv1_c2_c11,1,15416,18920,0.08069162604643523,0.08,224220,1v1
DouBanLv1_c2_c11,0,32045,2413,0.08112833705667229,0.08,225108,1v1
DouBanLv1_c2_c11,1,15416,18920,0.08069162604643523,0.08,225108,1v1
DouBanLv1_c2_c11,0,32045,2833,0.06780709192419132,0.06,225109,1v1
DouBanLv1_c2_c11,1,42192,51676,0.06292612228312879,0.06,225109,1v1
DouBanLv1_c2_c11,0,32045,23996,0.06346531873417376,0.06,225110,1v1
DouBanLv1_c2_c11,1,42192,51676,0.06292612228312879,0.06,225110,1v1
DouBanLv1_c2_c11,0,32045,24506,0.08840563435194641,0.08,225111,1v1
DouBanLv1_c2_c11,1,15416,18920,0.08069162604643523,0.08,225111,1v1
DouBanLv1_c2_c11,0,32045,26556,0.05479982856382765,0.05,225112,1v1
DouBanLv1_c2_c11,1,3996,10506,0.05734610593736199,0.05,225112,1v1
DouBanLv1_c2_c11,0,32045,33356,0.06660054680432849,0.06,225113,1v1
DouBanLv1_c2_c11,1,42192,51676,0.06292612228312879,0.06,225113,1v1
DouBanLv1_c2_c11,0,32045,42419,0.08754017134495587,0.08,225114,1v1
DouBanLv1_c2_c11,1,15416,18920,0.08069162604643523,0.08,225114,1v1
DouBanLv1_c2_c11,0,32630,2833,0.07250615814466695,0.07,227780,1v1
DouBanLv1_c2_c11,1,12104,25840,0.07687300202347333,0.07,227780,1v1
DouBanLv1_c2_c11,0,33333,2413,0.08589570230098546,0.08,231054,1v1
DouBanLv1_c2_c11,1,15416,18920,0.08069162604643523,0.08,231054,1v1
DouBanLv1_c2_c11,0,33333,2833,0.05799322214417466,0.05,231055,1v1
DouBanLv1_c2_c11,1,3996,10506,0.05734610593736199,0.05,231055,1v1
DouBanLv1_c2_c11,0,33333,23996,0.07615694089586131,0.07,231056,1v1
DouBanLv1_c2_c11,1,12104,25840,0.07687300202347333,0.07,231056,1v1
DouBanLv1_c2_c11,0,33333,24506,0.0851090417161703,0.08,231057,1v1
DouBanLv1_c2_c11,1,15416,18920,0.08069162604643523,0.08,231057,1v1
DouBanLv1_c2_c11,0,33333,33356,0.07894983379380789,0.07,231058,1v1
DouBanLv1_c2_c11,1,12104,25840,0.07687300202347333,0.07,231058,1v1
DouBanLv1_c2_c11,0,33333,42419,0.08580256183995189,0.08,231059,1v1
DouBanLv1_c2_c11,1,15416,18920,0.08069162604643523,0.08,231059,1v1
DouBanLv1_c2_c11,0,34191,23996,0.08010669253914464,0.08,234639,1v1
DouBanLv1_c2_c11,1,15416,18920,0.08069162604643523,0.08,234639,1v1
DouBanLv1_c2_c11,0,34191,26556,0.06869674105600113,0.06,234640,1v1
DouBanLv1_c2_c11,1,42192,51676,0.06292612228312879,0.06,234640,1v1
DouBanLv1_c2_c11,0,34855,26556,0.07062433466207417,0.07,237964,1v1
DouBanLv1_c2_c11,1,12104,25840,0.07687300202347333,0.07,237964,1v1
DouBanLv1_c2_c11,0,34868,2413,0.07781221692666863,0.07,238128,1v1
DouBanLv1_c2_c11,1,12104,25840,0.07687300202347333,0.07,238128,1v1
DouBanLv1_c2_c11,0,34868,2833,0.057085786706414635,0.05,238129,1v1
DouBanLv1_c2_c11,1,3996,10506,0.05734610593736199,0.05,238129,1v1
DouBanLv1_c2_c11,0,34868,23996,0.057300191507685325,0.05,238130,1v1
DouBanLv1_c2_c11,1,3996,10506,0.05734610593736199,0.05,238130,1v1
DouBanLv1_c2_c11,0,34868,24506,0.08325546650023304,0.08,238131,1v1
DouBanLv1_c2_c11,1,15416,18920,0.08069162604643523,0.08,238131,1v1
DouBanLv1_c2_c11,0,34868,26556,0.045471651795013224,0.04,238132,1v1
DouBanLv1_c2_c11,1,7352,20262,0.043026628137875146,0.04,238132,1v1
DouBanLv1_c2_c11,0,34868,33356,0.058735903611965935,0.05,238133,1v1
DouBanLv1_c2_c11,1,3996,10506,0.05734610593736199,0.05,238133,1v1
DouBanLv1_c2_c11,0,34868,42419,0.08206047693907799,0.08,238134,1v1
DouBanLv1_c2_c11,1,15416,18920,0.08069162604643523,0.08,238134,1v1
DouBanLv1_c2_c11,0,35031,26556,0.07074981950727136,0.07,239005,1v1
DouBanLv1_c2_c11,1,12104,25840,0.07687300202347333,0.07,239005,1v1
DouBanLv1_c2_c11,0,35613,23996,0.07426672665742215,0.07,241554,1v1
DouBanLv1_c2_c11,1,12104,25840,0.07687300202347333,0.07,241554,1v1
DouBanLv1_c2_c11,0,35613,26556,0.06276082436191596,0.06,241555,1v1
DouBanLv1_c2_c11,1,42192,51676,0.06292612228312879,0.06,241555,1v1
DouBanLv1_c2_c11,0,35613,33356,0.07599744962569463,0.07,241556,1v1
DouBanLv1_c2_c11,1,12104,25840,0.07687300202347333,0.07,241556,1v1
DouBanLv1_c2_c11,0,37094,23996,0.08009443439007681,0.08,247704,1v1
DouBanLv1_c2_c11,1,15416,18920,0.08069162604643523,0.08,247704,1v1
DouBanLv1_c2_c11,0,37094,26556,0.07142411036584818,0.07,247705,1v1
DouBanLv1_c2_c11,1,12104,25840,0.07687300202347333,0.07,247705,1v1
DouBanLv1_c2_c11,0,38472,26556,0.07457961072902496,0.07,253406,1v1
DouBanLv1_c2_c11,1,12104,25840,0.07687300202347333,0.07,253406,1v1
DouBanLv1_c2_c11,0,40220,2833,0.06862532570535806,0.06,259259,1v1
DouBanLv1_c2_c11,1,42192,51676,0.06292612228312879,0.06,259259,1v1
DouBanLv1_c2_c11,0,40220,26556,0.0689411301931982,0.06,259260,1v1
DouBanLv1_c2_c11,1,42192,51676,0.06292612228312879,0.06,259260,1v1
DouBanLv1_c2_c11,0,42499,2413,0.07468270302313547,0.07,266153,1v1
DouBanLv1_c2_c11,1,12104,25840,0.07687300202347333,0.07,266153,1v1
DouBanLv1_c2_c11,0,42499,2833,0.060739555411951245,0.06,266154,1v1
DouBanLv1_c2_c11,1,42192,51676,0.06292612228312879,0.06,266154,1v1
DouBanLv1_c2_c11,0,42499,23996,0.056188941157845895,0.05,266155,1v1
DouBanLv1_c2_c11,1,3996,10506,0.05734610593736199,0.05,266155,1v1
DouBanLv1_c2_c11,0,42499,24506,0.08025425411550141,0.08,266156,1v1
DouBanLv1_c2_c11,1,15416,18920,0.08069162604643523,0.08,266156,1v1
DouBanLv1_c2_c11,0,42499,26556,0.04544084897992629,0.04,266157,1v1
DouBanLv1_c2_c11,1,7352,20262,0.043026628137875146,0.04,266157,1v1
DouBanLv1_c2_c11,0,42499,33356,0.0574822082507731,0.05,266158,1v1
DouBanLv1_c2_c11,1,3996,10506,0.05734610593736199,0.05,266158,1v1
DouBanLv1_c2_c11,0,42499,42419,0.07908394748463138,0.07,266159,1v1
DouBanLv1_c2_c11,1,12104,25840,0.07687300202347333,0.07,266159,1v1
DouBanLv1_c2_c11,0,42499,49377,0.08653320293345108,0.08,266160,1v1
DouBanLv1_c2_c11,1,15416,18920,0.08069162604643523,0.08,266160,1v1
DouBanLv1_c2_c11,0,43153,23996,0.08024986625549922,0.08,267904,1v1
DouBanLv1_c2_c11,1,15416,18920,0.08069162604643523,0.08,267904,1v1
DouBanLv1_c2_c11,0,43153,26556,0.07406563656279708,0.07,267905,1v1
DouBanLv1_c2_c11,1,12104,25840,0.07687300202347333,0.07,267905,1v1
DouBanLv1_c2_c11,0,44396,2413,0.09300458568143165,0.09,270858,1v1
DouBanLv1_c2_c11,1,24765,35651,0.09682008093335195,0.09,270858,1v1
DouBanLv1_c2_c11,0,44396,23996,0.07696253500223431,0.07,270859,1v1
DouBanLv1_c2_c11,1,12104,25840,0.07687300202347333,0.07,270859,1v1
DouBanLv1_c2_c11,0,44396,26556,0.06974264626977644,0.06,270860,1v1
DouBanLv1_c2_c11,1,42192,51676,0.06292612228312879,0.06,270860,1v1
DouBanLv1_c2_c3,0,49,6742,0.0853042202124104,0.08,338993,1v1
DouBanLv1_c2_c3,1,13527,37946,0.08120858262172996,0.08,338993,1v1
DouBanLv1_c2_c3,0,241,24407,0.08263733600319384,0.08,341229,1v1
DouBanLv1_c2_c3,1,13527,37946,0.08120858262172996,0.08,341229,1v1
DouBanLv1_c2_c3,0,649,3449,0.09912391076860078,0.09,346349,1v1
DouBanLv1_c2_c3,1,6412,18720,0.09294327162988236,0.09,346349,1v1
DouBanLv1_c2_c3,0,761,3449,0.09942465277865173,0.09,347444,1v1
DouBanLv1_c2_c3,1,6412,18720,0.09294327162988236,0.09,347444,1v1
DouBanLv1_c2_c3,0,1117,5075,0.0822022846510731,0.08,351722,1v1
DouBanLv1_c2_c3,1,13527,37946,0.08120858262172996,0.08,351722,1v1
DouBanLv1_c2_c3,0,1117,8520,0.08958884168871549,0.08,351723,1v1
DouBanLv1_c2_c3,1,13527,37946,0.08120858262172996,0.08,351723,1v1
DouBanLv1_c2_c3,0,1117,8531,0.08504896671726121,0.08,351724,1v1
DouBanLv1_c2_c3,1,13527,37946,0.08120858262172996,0.08,351724,1v1
DouBanLv1_c2_c3,0,1117,8927,0.08202432087375468,0.08,351725,1v1
DouBanLv1_c2_c3,1,13527,37946,0.08120858262172996,0.08,351725,1v1
DouBanLv1_c2_c3,0,1117,9262,0.08031793463063595,0.08,351726,1v1
DouBanLv1_c2_c3,1,13527,37946,0.08120858262172996,0.08,351726,1v1
DouBanLv1_c2_c3,0,1117,24407,0.06939003196118822,0.06,351727,1v1
DouBanLv1_c2_c3,1,7753,8658,0.06725415188354668,0.06,351727,1v1
DouBanLv1_c2_c3,0,1144,8927,0.07568418045579892,0.07,352114,1v1
DouBanLv1_c2_c3,1,5213,40920,0.07071952724331278,0.07,352114,1v1
DouBanLv1_c2_c3,0,1144,24407,0.06918937995247591,0.06,352115,1v1
DouBanLv1_c2_c3,1,7753,8658,0.06725415188354668,0.06,352115,1v1
DouBanLv1_c2_c3,0,1178,5075,0.06579746989728566,0.06,352568,1v1
DouBanLv1_c2_c3,1,7753,8658,0.06725415188354668,0.06,352568,1v1
DouBanLv1_c2_c3,0,1178,8520,0.07360578485180706,0.07,352569,1v1
DouBanLv1_c2_c3,1,5213,40920,0.07071952724331278,0.07,352569,1v1
DouBanLv1_c2_c3,0,1178,8531,0.06698841989563944,0.06,352570,1v1
DouBanLv1_c2_c3,1,7753,8658,0.06725415188354668,0.06,352570,1v1
DouBanLv1_c2_c3,0,1178,8927,0.06730916613603646,0.06,352571,1v1
DouBanLv1_c2_c3,1,7753,8658,0.06725415188354668,0.06,352571,1v1
DouBanLv1_c2_c3,0,1178,9262,0.061283800647413705,0.06,352572,1v1
DouBanLv1_c2_c3,1,7753,8658,0.06725415188354668,0.06,352572,1v1
DouBanLv1_c2_c3,0,1178,24407,0.05650453863295036,0.05,352573,1v1
DouBanLv1_c2_c3,1,3625,20210,0.050443668027684935,0.05,352573,1v1
DouBanLv1_c2_c3,0,1178,25981,0.090483401651703,0.09,352574,1v1
DouBanLv1_c2_c3,1,6412,18720,0.09294327162988236,0.09,352574,1v1
DouBanLv1_c2_c3,0,1178,26973,0.08812372930772774,0.08,352575,1v1
DouBanLv1_c2_c3,1,13527,37946,0.08120858262172996,0.08,352575,1v1
DouBanLv1_c2_c3,0,1178,30308,0.10017582401445181,0.1,352576,1v1
DouBanLv1_c2_c3,1,4017,8276,0.10076906198901366,0.1,352576,1v1
DouBanLv1_c2_c3,0,1185,1974,0.09820645045258375,0.09,352720,1v1
DouBanLv1_c2_c3,1,6412,18720,0.09294327162988236,0.09,352720,1v1
DouBanLv1_c2_c3,0,1185,3449,0.0897819873409245,0.08,352721,1v1
DouBanLv1_c2_c3,1,13527,37946,0.08120858262172996,0.08,352721,1v1
DouBanLv1_c2_c3,0,1236,8520,0.09208711634679478,0.09,352976,1v1
DouBanLv1_c2_c3,1,6412,18720,0.09294327162988236,0.09,352976,1v1
DouBanLv1_c2_c3,0,1534,1974,0.07697467459825276,0.07,356173,1v1
DouBanLv1_c2_c3,1,5213,40920,0.07071952724331278,0.07,356173,1v1
DouBanLv1_c2_c3,0,1534,3449,0.0682099260137902,0.06,356174,1v1
DouBanLv1_c2_c3,1,7753,8658,0.06725415188354668,0.06,356174,1v1
DouBanLv1_c2_c3,0,1670,1974,0.08670953914801487,0.08,358448,1v1
DouBanLv1_c2_c3,1,13527,37946,0.08120858262172996,0.08,358448,1v1
DouBanLv1_c2_c3,0,1670,3449,0.07664505344772075,0.07,358449,1v1
DouBanLv1_c2_c3,1,5213,40920,0.07071952724331278,0.07,358449,1v1
DouBanLv1_c2_c3,0,1670,6147,0.09402565209940647,0.09,358450,1v1
DouBanLv1_c2_c3,1,6412,18720,0.09294327162988236,0.09,358450,1v1
DouBanLv1_c2_c3,0,1745,1974,0.09900418840074797,0.09,359479,1v1
DouBanLv1_c2_c3,1,6412,18720,0.09294327162988236,0.09,359479,1v1
DouBanLv1_c2_c3,0,1745,3449,0.08877771132297772,0.08,359480,1v1
DouBanLv1_c2_c3,1,13527,37946,0.08120858262172996,0.08,359480,1v1
DouBanLv1_c2_c3,0,1816,1974,0.07926829887334,0.07,360399,1v1
DouBanLv1_c2_c3,1,5213,40920,0.07071952724331278,0.07,360399,1v1
DouBanLv1_c2_c3,0,1816,3449,0.07535086688272172,0.07,360400,1v1
DouBanLv1_c2_c3,1,5213,40920,0.07071952724331278,0.07,360400,1v1
DouBanLv1_c2_c3,0,2283,1974,0.09699948494075647,0.09,365474,1v1
DouBanLv1_c2_c3,1,6412,18720,0.09294327162988236,0.09,365474,1v1
DouBanLv1_c2_c3,0,2283,3449,0.08685404673817787,0.08,365475,1v1
DouBanLv1_c2_c3,1,13527,37946,0.08120858262172996,0.08,365475,1v1
DouBanLv1_c2_c3,0,3327,1974,0.09628157292117868,0.09,375921,1v1
DouBanLv1_c2_c3,1,6412,18720,0.09294327162988236,0.09,375921,1v1
DouBanLv1_c2_c3,0,3327,3449,0.08825670232012445,0.08,375922,1v1
DouBanLv1_c2_c3,1,13527,37946,0.08120858262172996,0.08,375922,1v1
DouBanLv1_c2_c3,0,4236,5075,0.07101887615639381,0.07,381931,1v1
DouBanLv1_c2_c3,1,5213,40920,0.07071952724331278,0.07,381931,1v1
DouBanLv1_c2_c3,0,4236,8531,0.07576590816872611,0.07,381932,1v1
DouBanLv1_c2_c3,1,5213,40920,0.07071952724331278,0.07,381932,1v1
DouBanLv1_c2_c3,0,4236,8927,0.05593631806913213,0.05,381933,1v1
DouBanLv1_c2_c3,1,3625,20210,0.050443668027684935,0.05,381933,1v1
DouBanLv1_c2_c3,0,4236,24407,0.04424741615163711,0.04,381934,1v1
DouBanLv1_c2_c3,1,424,22113,0.046944505140368895,0.04,381934,1v1
DouBanLv1_c2_c3,0,4703,1974,0.08600879509517247,0.08,384501,1v1
DouBanLv1_c2_c3,1,13527,37946,0.08120858262172996,0.08,384501,1v1
DouBanLv1_c2_c3,0,4703,3449,0.07938541890572767,0.07,384502,1v1
DouBanLv1_c2_c3,1,5213,40920,0.07071952724331278,0.07,384502,1v1
DouBanLv1_c2_c3,0,4896,1974,0.1006910348989935,0.1,385262,1v1
DouBanLv1_c2_c3,1,4017,8276,0.10076906198901366,0.1,385262,1v1
DouBanLv1_c2_c3,0,4896,3449,0.09225220327623532,0.09,385263,1v1
DouBanLv1_c2_c3,1,6412,18720,0.09294327162988236,0.09,385263,1v1
DouBanLv1_c2_c3,0,4896,6147,0.09623479890366017,0.09,385264,1v1
DouBanLv1_c2_c3,1,6412,18720,0.09294327162988236,0.09,385264,1v1
DouBanLv1_c2_c3,0,5048,1974,0.07901410841528557,0.07,385904,1v1
DouBanLv1_c2_c3,1,5213,40920,0.07071952724331278,0.07,385904,1v1
DouBanLv1_c2_c3,0,5048,3449,0.07248230171321941,0.07,385905,1v1
DouBanLv1_c2_c3,1,5213,40920,0.07071952724331278,0.07,385905,1v1
DouBanLv1_c2_c3,0,5048,6147,0.08757330079758492,0.08,385906,1v1
DouBanLv1_c2_c3,1,13527,37946,0.08120858262172996,0.08,385906,1v1
DouBanLv1_c2_c3,0,5395,1974,0.09590455098227638,0.09,387707,1v1
DouBanLv1_c2_c3,1,6412,18720,0.09294327162988236,0.09,387707,1v1
DouBanLv1_c2_c3,0,5395,3449,0.08687268537336139,0.08,387708,1v1
DouBanLv1_c2_c3,1,13527,37946,0.08120858262172996,0.08,387708,1v1
DouBanLv1_c2_c3,0,5395,6147,0.08186899479474369,0.08,387709,1v1
DouBanLv1_c2_c3,1,13527,37946,0.08120858262172996,0.08,387709,1v1
DouBanLv1_c2_c3,0,5395,6157,0.08333519261526877,0.08,387710,1v1
DouBanLv1_c2_c3,1,13527,37946,0.08120858262172996,0.08,387710,1v1
DouBanLv1_c2_c3,0,5417,5075,0.05551984134040127,0.05,387761,1v1
DouBanLv1_c2_c3,1,3625,20210,0.050443668027684935,0.05,387761,1v1
DouBanLv1_c2_c3,0,5417,8520,0.06837662431858577,0.06,387762,1v1
DouBanLv1_c2_c3,1,7753,8658,0.06725415188354668,0.06,387762,1v1
DouBanLv1_c2_c3,0,5417,8531,0.05532051646399397,0.05,387763,1v1
DouBanLv1_c2_c3,1,3625,20210,0.050443668027684935,0.05,387763,1v1
DouBanLv1_c2_c3,0,5417,8927,0.051804637517710916,0.05,387764,1v1
DouBanLv1_c2_c3,1,3625,20210,0.050443668027684935,0.05,387764,1v1
DouBanLv1_c2_c3,0,5417,9262,0.0541921891818408,0.05,387765,1v1
DouBanLv1_c2_c3,1,3625,20210,0.050443668027684935,0.05,387765,1v1
DouBanLv1_c2_c3,0,5417,18178,0.07984162457855827,0.07,387766,1v1
DouBanLv1_c2_c3,1,5213,40920,0.07071952724331278,0.07,387766,1v1
DouBanLv1_c2_c3,0,5417,24407,0.04375543491931654,0.04,387767,1v1
DouBanLv1_c2_c3,1,424,22113,0.046944505140368895,0.04,387767,1v1
DouBanLv1_c2_c3,0,5417,25981,0.07590379676737771,0.07,387768,1v1
DouBanLv1_c2_c3,1,5213,40920,0.07071952724331278,0.07,387768,1v1
DouBanLv1_c2_c3,0,5417,26088,0.08453492798215109,0.08,387769,1v1
DouBanLv1_c2_c3,1,13527,37946,0.08120858262172996,0.08,387769,1v1
DouBanLv1_c2_c3,0,5417,26338,0.08352353362028431,0.08,387770,1v1
DouBanLv1_c2_c3,1,13527,37946,0.08120858262172996,0.08,387770,1v1
DouBanLv1_c2_c3,0,5417,26973,0.0743761385239489,0.07,387771,1v1
DouBanLv1_c2_c3,1,5213,40920,0.07071952724331278,0.07,387771,1v1
DouBanLv1_c2_c3,0,5417,30308,0.0965709402659378,0.09,387772,1v1
DouBanLv1_c2_c3,1,6412,18720,0.09294327162988236,0.09,387772,1v1
DouBanLv1_c2_c3,0,5417,39651,0.08756856119195094,0.08,387773,1v1
DouBanLv1_c2_c3,1,13527,37946,0.08120858262172996,0.08,387773,1v1
DouBanLv1_c2_c3,0,5417,41848,0.0811292757742176,0.08,387774,1v1
DouBanLv1_c2_c3,1,13527,37946,0.08120858262172996,0.08,387774,1v1
DouBanLv1_c2_c3,0,5480,5075,0.06495120294244067,0.06,388063,1v1
DouBanLv1_c2_c3,1,7753,8658,0.06725415188354668,0.06,388063,1v1
DouBanLv1_c2_c3,0,5480,8520,0.08743818248649904,0.08,388064,1v1
DouBanLv1_c2_c3,1,13527,37946,0.08120858262172996,0.08,388064,1v1
DouBanLv1_c2_c3,0,5480,8531,0.06744105089546451,0.06,388065,1v1
DouBanLv1_c2_c3,1,7753,8658,0.06725415188354668,0.06,388065,1v1
DouBanLv1_c2_c3,0,5480,8927,0.052848013986822345,0.05,388066,1v1
DouBanLv1_c2_c3,1,3625,20210,0.050443668027684935,0.05,388066,1v1
DouBanLv1_c2_c3,0,5480,9262,0.0725908650904888,0.07,388067,1v1
DouBanLv1_c2_c3,1,5213,40920,0.07071952724331278,0.07,388067,1v1
DouBanLv1_c2_c3,0,5480,24407,0.042706451025495897,0.04,388068,1v1
DouBanLv1_c2_c3,1,424,22113,0.046944505140368895,0.04,388068,1v1
DouBanLv1_c2_c3,0,5497,5075,0.06314358513794138,0.06,388187,1v1
DouBanLv1_c2_c3,1,7753,8658,0.06725415188354668,0.06,388187,1v1
DouBanLv1_c2_c3,0,5497,8520,0.07449411474773737,0.07,388188,1v1
DouBanLv1_c2_c3,1,5213,40920,0.07071952724331278,0.07,388188,1v1
DouBanLv1_c2_c3,0,5497,8531,0.06457397806942333,0.06,388189,1v1
DouBanLv1_c2_c3,1,7753,8658,0.06725415188354668,0.06,388189,1v1
DouBanLv1_c2_c3,0,5497,8927,0.06495493138587258,0.06,388190,1v1
DouBanLv1_c2_c3,1,7753,8658,0.06725415188354668,0.06,388190,1v1
DouBanLv1_c2_c3,0,5497,9262,0.05950446439992903,0.05,388191,1v1
DouBanLv1_c2_c3,1,3625,20210,0.050443668027684935,0.05,388191,1v1
DouBanLv1_c2_c3,0,5497,24407,0.05395902004347883,0.05,388192,1v1
DouBanLv1_c2_c3,1,3625,20210,0.050443668027684935,0.05,388192,1v1
DouBanLv1_c2_c3,0,5497,25981,0.0884681190685192,0.08,388193,1v1
DouBanLv1_c2_c3,1,13527,37946,0.08120858262172996,0.08,388193,1v1
DouBanLv1_c2_c3,0,5497,26973,0.08686545760182916,0.08,388194,1v1
DouBanLv1_c2_c3,1,13527,37946,0.08120858262172996,0.08,388194,1v1
DouBanLv1_c2_c3,0,5497,30308,0.10113169277686573,0.1,388195,1v1
DouBanLv1_c2_c3,1,4017,8276,0.10076906198901366,0.1,388195,1v1
DouBanLv1_c2_c3,0,6885,5075,0.07820075982052108,0.07,393760,1v1
DouBanLv1_c2_c3,1,5213,40920,0.07071952724331278,0.07,393760,1v1
DouBanLv1_c2_c3,0,6885,8520,0.059692703110997385,0.05,393761,1v1
DouBanLv1_c2_c3,1,3625,20210,0.050443668027684935,0.05,393761,1v1
DouBanLv1_c2_c3,0,6885,8531,0.07680171041068308,0.07,393762,1v1
DouBanLv1_c2_c3,1,5213,40920,0.07071952724331278,0.07,393762,1v1
DouBanLv1_c2_c3,0,6885,8927,0.08637517381045214,0.08,393763,1v1
DouBanLv1_c2_c3,1,13527,37946,0.08120858262172996,0.08,393763,1v1
DouBanLv1_c2_c3,0,6885,9262,0.06123574264463902,0.06,393764,1v1
DouBanLv1_c2_c3,1,7753,8658,0.06725415188354668,0.06,393764,1v1
DouBanLv1_c2_c3,0,6885,9926,0.08806502838561057,0.08,393765,1v1
DouBanLv1_c2_c3,1,13527,37946,0.08120858262172996,0.08,393765,1v1
DouBanLv1_c2_c3,0,6885,24407,0.07759752237318994,0.07,393766,1v1
DouBanLv1_c2_c3,1,5213,40920,0.07071952724331278,0.07,393766,1v1
DouBanLv1_c2_c3,0,6885,25981,0.09753620164344282,0.09,393767,1v1
DouBanLv1_c2_c3,1,6412,18720,0.09294327162988236,0.09,393767,1v1
DouBanLv1_c2_c3,0,6885,26088,0.09722259708970671,0.09,393768,1v1
DouBanLv1_c2_c3,1,6412,18720,0.09294327162988236,0.09,393768,1v1
DouBanLv1_c2_c3,0,6885,26973,0.08844525995200701,0.08,393769,1v1
DouBanLv1_c2_c3,1,13527,37946,0.08120858262172996,0.08,393769,1v1
DouBanLv1_c2_c3,0,6885,30308,0.08232724405586009,0.08,393770,1v1
DouBanLv1_c2_c3,1,13527,37946,0.08120858262172996,0.08,393770,1v1
DouBanLv1_c2_c3,0,6885,37504,0.09568498139622221,0.09,393771,1v1
DouBanLv1_c2_c3,1,6412,18720,0.09294327162988236,0.09,393771,1v1
DouBanLv1_c2_c3,0,6885,39651,0.07770685056983694,0.07,393772,1v1
DouBanLv1_c2_c3,1,5213,40920,0.07071952724331278,0.07,393772,1v1
DouBanLv1_c2_c3,0,6885,42991,0.09318445460155994,0.09,393773,1v1
DouBanLv1_c2_c3,1,6412,18720,0.09294327162988236,0.09,393773,1v1
DouBanLv1_c2_c3,0,6885,45852,0.09244497358303026,0.09,393774,1v1
DouBanLv1_c2_c3,1,6412,18720,0.09294327162988236,0.09,393774,1v1
DouBanLv1_c2_c3,0,7763,8927,0.07899785756819581,0.07,400637,1v1
DouBanLv1_c2_c3,1,5213,40920,0.07071952724331278,0.07,400637,1v1
DouBanLv1_c2_c3,0,7763,24407,0.06982629464695483,0.06,400638,1v1
DouBanLv1_c2_c3,1,7753,8658,0.06725415188354668,0.06,400638,1v1
DouBanLv1_c2_c3,0,9704,6742,0.07260728968458545,0.07,417488,1v1
DouBanLv1_c2_c3,1,5213,40920,0.07071952724331278,0.07,417488,1v1
DouBanLv1_c2_c3,0,11282,5075,0.08413738007067896,0.08,432444,1v1
DouBanLv1_c2_c3,1,13527,37946,0.08120858262172996,0.08,432444,1v1
DouBanLv1_c2_c3,0,11282,5191,0.08680487212769916,0.08,432445,1v1
DouBanLv1_c2_c3,1,13527,37946,0.08120858262172996,0.08,432445,1v1
DouBanLv1_c2_c3,0,11282,8531,0.08954359457777387,0.08,432446,1v1
DouBanLv1_c2_c3,1,13527,37946,0.08120858262172996,0.08,432446,1v1
DouBanLv1_c2_c3,0,11282,8927,0.060570434549226185,0.06,432447,1v1
DouBanLv1_c2_c3,1,7753,8658,0.06725415188354668,0.06,432447,1v1
DouBanLv1_c2_c3,0,11282,24407,0.05290191631512323,0.05,432448,1v1
DouBanLv1_c2_c3,1,3625,20210,0.050443668027684935,0.05,432448,1v1
DouBanLv1_c2_c3,0,11310,8520,0.08792095313181483,0.08,432728,1v1
DouBanLv1_c2_c3,1,13527,37946,0.08120858262172996,0.08,432728,1v1
DouBanLv1_c2_c3,0,11310,37504,0.10547310833555672,0.1,432729,1v1
DouBanLv1_c2_c3,1,4017,8276,0.10076906198901366,0.1,432729,1v1
DouBanLv1_c2_c3,0,11978,1974,0.08092586455313247,0.08,438436,1v1
DouBanLv1_c2_c3,1,13527,37946,0.08120858262172996,0.08,438436,1v1
DouBanLv1_c2_c3,0,11978,3449,0.07079030852831278,0.07,438437,1v1
DouBanLv1_c2_c3,1,5213,40920,0.07071952724331278,0.07,438437,1v1
DouBanLv1_c2_c3,0,11978,6147,0.09155740673640575,0.09,438438,1v1
DouBanLv1_c2_c3,1,6412,18720,0.09294327162988236,0.09,438438,1v1
DouBanLv1_c2_c3,0,12691,1974,0.09445136287347518,0.09,443822,1v1
DouBanLv1_c2_c3,1,6412,18720,0.09294327162988236,0.09,443822,1v1
DouBanLv1_c2_c3,0,12691,3449,0.08540310566777681,0.08,443823,1v1
DouBanLv1_c2_c3,1,13527,37946,0.08120858262172996,0.08,443823,1v1
DouBanLv1_c2_c3,0,17035,1974,0.09649217229529246,0.09,476474,1v1
DouBanLv1_c2_c3,1,6412,18720,0.09294327162988236,0.09,476474,1v1
DouBanLv1_c2_c3,0,17035,3449,0.08809717812335262,0.08,476475,1v1
DouBanLv1_c2_c3,1,13527,37946,0.08120858262172996,0.08,476475,1v1
DouBanLv1_c2_c3,0,17689,1974,0.08164240797207922,0.08,480974,1v1
DouBanLv1_c2_c3,1,13527,37946,0.08120858262172996,0.08,480974,1v1
DouBanLv1_c2_c3,0,17689,3449,0.07405902247627451,0.07,480975,1v1
DouBanLv1_c2_c3,1,5213,40920,0.07071952724331278,0.07,480975,1v1
DouBanLv1_c2_c3,0,21589,1974,0.09158272062409402,0.09,507730,1v1
DouBanLv1_c2_c3,1,6412,18720,0.09294327162988236,0.09,507730,1v1
DouBanLv1_c2_c3,0,21589,3449,0.08382627960382225,0.08,507731,1v1
DouBanLv1_c2_c3,1,13527,37946,0.08120858262172996,0.08,507731,1v1
DouBanLv1_c2_c3,0,24308,1974,0.09945863980453107,0.09,523294,1v1
DouBanLv1_c2_c3,1,6412,18720,0.09294327162988236,0.09,523294,1v1
DouBanLv1_c2_c3,0,24308,3449,0.0931214201137647,0.09,523295,1v1
DouBanLv1_c2_c3,1,6412,18720,0.09294327162988236,0.09,523295,1v1
DouBanLv1_c2_c3,0,27185,1974,0.0858428967446391,0.08,539271,1v1
DouBanLv1_c2_c3,1,13527,37946,0.08120858262172996,0.08,539271,1v1
DouBanLv1_c2_c3,0,27185,3449,0.07992500388296256,0.07,539272,1v1
DouBanLv1_c2_c3,1,5213,40920,0.07071952724331278,0.07,539272,1v1
DouBanLv1_c2_c3,0,27910,1974,0.0685723540109243,0.06,542709,1v1
DouBanLv1_c2_c3,1,7753,8658,0.06725415188354668,0.06,542709,1v1
DouBanLv1_c2_c3,0,27910,3449,0.059378026332813326,0.05,542710,1v1
DouBanLv1_c2_c3,1,3625,20210,0.050443668027684935,0.05,542710,1v1
DouBanLv1_c2_c3,0,27910,6147,0.08676405929963615,0.08,542711,1v1
DouBanLv1_c2_c3,1,13527,37946,0.08120858262172996,0.08,542711,1v1
DouBanLv1_c2_c3,0,29400,197,0.1271845600114068,0.12,550489,1v1
DouBanLv1_c2_c3,1,50932,51729,0.1204055715671916,0.12,550489,1v1
DouBanLv1_c2_c3,0,29400,5985,0.1222849936184817,0.12,550490,1v1
DouBanLv1_c2_c3,1,50932,51729,0.1204055715671916,0.12,550490,1v1
DouBanLv1_c2_c3,0,29400,6742,0.0716456606770724,0.07,550491,1v1
DouBanLv1_c2_c3,1,5213,40920,0.07071952724331278,0.07,550491,1v1
DouBanLv1_c2_c3,0,29400,6992,0.09911557509212714,0.09,550492,1v1
DouBanLv1_c2_c3,1,6412,18720,0.09294327162988236,0.09,550492,1v1
DouBanLv1_c2_c3,0,36046,1974,0.08575548978050443,0.08,581417,1v1
DouBanLv1_c2_c3,1,13527,37946,0.08120858262172996,0.08,581417,1v1
DouBanLv1_c2_c3,0,36046,3449,0.07829807538684995,0.07,581418,1v1
DouBanLv1_c2_c3,1,5213,40920,0.07071952724331278,0.07,581418,1v1
DouBanLv1_c2_c3,0,42930,24407,0.08426105380875074,0.08,605427,1v1
DouBanLv1_c2_c3,1,13527,37946,0.08120858262172996,0.08,605427,1v1
DouBanLv1_c2_c3,0,44952,8927,0.06991051278460371,0.06,610299,1v1
DouBanLv1_c2_c3,1,7753,8658,0.06725415188354668,0.06,610299,1v1
DouBanLv1_c2_c3,0,44952,24407,0.06483503968790336,0.06,610300,1v1
DouBanLv1_c2_c3,1,7753,8658,0.06725415188354668,0.06,610300,1v1
DouBanLv1_c2_c3,0,45700,8927,0.07454571782212249,0.07,612326,1v1
DouBanLv1_c2_c3,1,5213,40920,0.07071952724331278,0.07,612326,1v1
DouBanLv1_c2_c3,0,45700,24407,0.06763565789998133,0.06,612327,1v1
DouBanLv1_c2_c3,1,7753,8658,0.06725415188354668,0.06,612327,1v1
DouBanLv1_c2_c3,0,47515,8927,0.07345601508441274,0.07,616388,1v1
DouBanLv1_c2_c3,1,5213,40920,0.07071952724331278,0.07,616388,1v1
DouBanLv1_c2_c3,0,47515,24407,0.06804044395808291,0.06,616389,1v1
DouBanLv1_c2_c3,1,7753,8658,0.06725415188354668,0.06,616389,1v1
DouBanLv1_c2_c3,0,48300,24407,0.08664618852328243,0.08,617556,1v1
DouBanLv1_c2_c3,1,13527,37946,0.08120858262172996,0.08,617556,1v1
DouBanLv1_c3_c520,0,3200,9480,0.14854491183032506,0.14,894871,1v1
DouBanLv1_c3_c520,1,5350,23131,0.1495899548977636,0.14,894871,1v1
DouBanLv1_c3_c520,0,6066,6148,0.0687589209796507,0.06,908308,1v1
DouBanLv1_c3_c520,1,2672,8905,0.06893055237699282,0.06,908308,1v1
DouBanLv1_c3_c520,0,6066,13942,0.06695930241727696,0.06,908309,1v1
DouBanLv1_c3_c520,1,2672,8905,0.06893055237699282,0.06,908309,1v1
DouBanLv1_c3_c520,0,30203,6148,0.06751235323353266,0.06,1047773,1v1
DouBanLv1_c3_c520,1,2672,8905,0.06893055237699282,0.06,1047773,1v1
DouBanLv1_c3_c520,0,30203,13942,0.06649206513551999,0.06,1047774,1v1
DouBanLv1_c3_c520,1,2672,8905,0.06893055237699282,0.06,1047774,1v1
DouBanLv1_c3_c520,0,30203,46512,0.06696026550142126,0.06,1047775,1v1
DouBanLv1_c3_c520,1,2672,8905,0.06893055237699282,0.06,1047775,1v1
DouBanLv1_c3_c520,0,40271,6148,0.06599432859896397,0.06,1091733,1v1
DouBanLv1_c3_c520,1,2672,8905,0.06893055237699282,0.06,1091733,1v1
DouBanLv1_c3_c520,0,40271,13942,0.06542605097256303,0.06,1091734,1v1
DouBanLv1_c3_c520,1,2672,8905,0.06893055237699282,0.06,1091734,1v1
DouBanLv1_c3_c520,0,40271,46512,0.0649936582912302,0.06,1091735,1v1
DouBanLv1_c3_c520,1,2672,8905,0.06893055237699282,0.06,1091735,1v1
DouBanLv1_c3_c520,0,49274,13942,0.06553858455936219,0.06,1114610,1v1
DouBanLv1_c3_c520,1,2672,8905,0.06893055237699282,0.06,1114610,1v1
DouBanLv1_c3_c67,0,6283,6002,0.07752754111454757,0.07,1264464,1v1
DouBanLv1_c3_c67,1,16466,32477,0.07007167041334994,0.07,1264464,1v1
DouBanLv1_c3_c67,0,6283,6194,0.07239119159482399,0.07,1264465,1v1
DouBanLv1_c3_c67,1,16466,32477,0.07007167041334994,0.07,1264465,1v1
DouBanLv1_c3_c67,0,6283,6476,0.08047394616865311,0.08,1264466,1v1
DouBanLv1_c3_c67,1,2934,6719,0.08113700739405348,0.08,1264466,1v1
DouBanLv1_c3_c67,0,6550,6194,0.08584739337503808,0.08,1265817,1v1
DouBanLv1_c3_c67,1,2934,6719,0.08113700739405348,0.08,1265817,1v1
DouBanLv1_c67_c2439,0,15292,35881,0.07051700169851934,0.07,1168407,1v1
DouBanLv1_c67_c2439,1,6103,10493,0.071595336156903,0.07,1168407,1v1
DouBanLv1_c67_c2439,0,15292,47028,0.07007042774888042,0.07,1168408,1v1
DouBanLv1_c67_c2439,1,6103,10493,0.071595336156903,0.07,1168408,1v1
DouBanLv1_c67_c2439,0,16466,35881,0.07222445721048228,0.07,1171230,1v1
DouBanLv1_c67_c2439,1,6103,10493,0.071595336156903,0.07,1171230,1v1
DouBanLv1_c67_c2439,0,16466,47028,0.07178170845969367,0.07,1171231,1v1
DouBanLv1_c67_c2439,1,6103,10493,0.071595336156903,0.07,1171231,1v1
HongZhang_c1_c0,0,39384,37986,0.06204382275341084,0.06,1696889,1v1
HongZhang_c1_c0,1,3789,76670,0.0680011743544015,0.06,1696889,1v1
HongZhang_c1_c0,0,39384,43303,0.05376544697629224,0.05,1696890,1v1
HongZhang_c1_c0,1,3932,38814,0.05277062216010461,0.05,1696890,1v1
HongZhang_c1_c0,0,39384,59419,0.10617288339223595,0.1,1696891,1v1
HongZhang_c1_c0,1,45168,74876,0.10350222642204003,0.1,1696891,1v1
HongZhang_c1_c0,0,39384,61708,0.06700989988981318,0.06,1696892,1v1
HongZhang_c1_c0,1,3789,76670,0.0680011743544015,0.06,1696892,1v1
HongZhang_c1_c0,0,39384,65476,0.08369943992431621,0.08,1696893,1v1
HongZhang_c1_c0,1,1035,8374,0.08860428896121796,0.08,1696893,1v1
HongZhang_c1_c0,0,39384,65839,0.0638299970522283,0.06,1696894,1v1
HongZhang_c1_c0,1,3789,76670,0.0680011743544015,0.06,1696894,1v1
HongZhang_c1_c0,0,39384,66894,0.09476664363909346,0.09,1696895,1v1
HongZhang_c1_c0,1,36079,44423,0.09114080891105868,0.09,1696895,1v1
HongZhang_c1_c0,0,39384,68107,0.08647710170499208,0.08,1696896,1v1
HongZhang_c1_c0,1,1035,8374,0.08860428896121796,0.08,1696896,1v1
HongZhang_c1_c0,0,39384,68146,0.12051628430431764,0.12,1696897,1v1
HongZhang_c1_c0,1,18471,30264,0.129740028514657,0.12,1696897,1v1
HongZhang_c1_c0,0,39384,72492,0.10577485358821791,0.1,1696898,1v1
HongZhang_c1_c0,1,45168,74876,0.10350222642204003,0.1,1696898,1v1
HongZhang_c1_c0,0,39384,73567,0.08569196571414014,0.08,1696899,1v1
HongZhang_c1_c0,1,1035,8374,0.08860428896121796,0.08,1696899,1v1
HongZhang_c1_c0,0,39384,75663,0.11382879369421077,0.11,1696900,1v1
HongZhang_c1_c0,1,58009,86874,0.1145210815415245,0.11,1696900,1v1
HongZhang_c1_c0,0,39384,76726,0.09298772090211456,0.09,1696901,1v1
HongZhang_c1_c0,1,36079,44423,0.09114080891105868,0.09,1696901,1v1
HongZhang_c1_c0,0,39384,76733,0.0802148582832112,0.08,1696902,1v1
HongZhang_c1_c0,1,1035,8374,0.08860428896121796,0.08,1696902,1v1
HongZhang_c1_c0,0,39384,79709,0.09277690658188009,0.09,1696903,1v1
HongZhang_c1_c0,1,36079,44423,0.09114080891105868,0.09,1696903,1v1
HongZhang_c1_c0,0,39384,80462,0.08788706180172542,0.08,1696904,1v1
HongZhang_c1_c0,1,1035,8374,0.08860428896121796,0.08,1696904,1v1
HongZhang_c1_c0,0,39384,81127,0.05893207142085878,0.05,1696905,1v1
HongZhang_c1_c0,1,3932,38814,0.05277062216010461,0.05,1696905,1v1
HongZhang_c1_c0,0,39384,81275,0.1051524352265889,0.1,1696906,1v1
HongZhang_c1_c0,1,45168,74876,0.10350222642204003,0.1,1696906,1v1
HongZhang_c1_c0,0,39384,81276,0.0682512486163775,0.06,1696907,1v1
HongZhang_c1_c0,1,3789,76670,0.0680011743544015,0.06,1696907,1v1
HongZhang_c1_c0,0,39384,82099,0.0679106274887882,0.06,1696908,1v1
HongZhang_c1_c0,1,3789,76670,0.0680011743544015,0.06,1696908,1v1
HongZhang_c1_c0,0,39384,83595,0.07166813573754906,0.07,1696909,1v1
HongZhang_c1_c0,1,881,58426,0.07273856859211505,0.07,1696909,1v1
HongZhang_c1_c0,0,39384,84960,0.07057934162652081,0.07,1696910,1v1
HongZhang_c1_c0,1,881,58426,0.07273856859211505,0.07,1696910,1v1
HongZhang_c1_c0,0,39384,86402,0.07117384663087692,0.07,1696911,1v1
HongZhang_c1_c0,1,881,58426,0.07273856859211505,0.07,1696911,1v1
HongZhang_c1_c0,0,39384,87757,0.06750750574011179,0.06,1696912,1v1
HongZhang_c1_c0,1,3789,76670,0.0680011743544015,0.06,1696912,1v1
HongZhang_c1_c0,0,39384,89274,0.07488089765846448,0.07,1696913,1v1
HongZhang_c1_c0,1,881,58426,0.07273856859211505,0.07,1696913,1v1
HongZhang_c1_c0,0,39384,90600,0.07073419141768746,0.07,1696914,1v1
HongZhang_c1_c0,1,881,58426,0.07273856859211505,0.07,1696914,1v1
HongZhang_c1_c0,0,39384,92198,0.0733151577137703,0.07,1696915,1v1
HongZhang_c1_c0,1,881,58426,0.07273856859211505,0.07,1696915,1v1
HongZhang_c1_c0,0,41282,43303,0.05416086400374897,0.05,1703342,1v1
HongZhang_c1_c0,1,3932,38814,0.05277062216010461,0.05,1703342,1v1
HongZhang_c1_c0,0,44485,37986,0.06631689133263916,0.06,1711969,1v1
HongZhang_c1_c0,1,3789,76670,0.0680011743544015,0.06,1711969,1v1
HongZhang_c1_c0,0,44485,38387,0.04764682738028291,0.04,1711970,1v1
HongZhang_c1_c0,1,18520,54665,0.04073398207965279,0.04,1711970,1v1
HongZhang_c1_c0,0,44485,43303,0.05115867728344984,0.05,1711971,1v1
HongZhang_c1_c0,1,3932,38814,0.05277062216010461,0.05,1711971,1v1
HongZhang_c1_c0,0,45580,38387,0.04273283480307251,0.04,1715098,1v1
HongZhang_c1_c0,1,18520,54665,0.04073398207965279,0.04,1715098,1v1
HongZhang_c1_c0,0,45580,43303,0.04792221441098924,0.04,1715099,1v1
HongZhang_c1_c0,1,18520,54665,0.04073398207965279,0.04,1715099,1v1
HongZhang_c1_c0,0,45580,44331,0.05224972953141602,0.05,1715100,1v1
HongZhang_c1_c0,1,3932,38814,0.05277062216010461,0.05,1715100,1v1
HongZhang_c1_c0,0,48920,75817,0.07526170051679863,0.07,1725712,1v1
HongZhang_c1_c0,1,881,58426,0.07273856859211505,0.07,1725712,1v1
HongZhang_c1_c0,0,49379,65476,0.12787545701362357,0.12,1726609,1v1
HongZhang_c1_c0,1,18471,30264,0.129740028514657,0.12,1726609,1v1
HongZhang_c1_c0,0,49379,65839,0.12740191784132127,0.12,1726610,1v1
HongZhang_c1_c0,1,18471,30264,0.129740028514657,0.12,1726610,1v1
HongZhang_c1_c0,0,49379,66894,0.10850262286772948,0.1,1726611,1v1
HongZhang_c1_c0,1,45168,74876,0.10350222642204003,0.1,1726611,1v1
HongZhang_c1_c0,0,49379,68107,0.12842780213161026,0.12,1726612,1v1
HongZhang_c1_c0,1,18471,30264,0.129740028514657,0.12,1726612,1v1
HongZhang_c1_c0,0,49379,81127,0.12998341934554597,0.12,1726613,1v1
HongZhang_c1_c0,1,18471,30264,0.129740028514657,0.12,1726613,1v1
HongZhang_c1_c0,0,49379,81276,0.11727182806555252,0.11,1726614,1v1
HongZhang_c1_c0,1,58009,86874,0.1145210815415245,0.11,1726614,1v1
HongZhang_c1_c0,0,49379,90600,0.13347279425477857,0.13,1726615,1v1
HongZhang_c1_c0,1,1492,4535,0.1358787088364375,0.13,1726615,1v1
HongZhang_c1_c0,0,49379,92198,0.13620241015159387,0.13,1726616,1v1
HongZhang_c1_c0,1,1492,4535,0.1358787088364375,0.13,1726616,1v1
HongZhang_c1_c0,0,50192,38387,0.04506894678753303,0.04,1729760,1v1
HongZhang_c1_c0,1,18520,54665,0.04073398207965279,0.04,1729760,1v1
HongZhang_c1_c0,0,50192,43303,0.049639960056681524,0.04,1729761,1v1
HongZhang_c1_c0,1,18520,54665,0.04073398207965279,0.04,1729761,1v1
HongZhang_c1_c0,0,50375,38387,0.047356448489159035,0.04,1730274,1v1
HongZhang_c1_c0,1,18520,54665,0.04073398207965279,0.04,1730274,1v1
HongZhang_c1_c0,0,50375,43303,0.05421053034417252,0.05,1730275,1v1
HongZhang_c1_c0,1,3932,38814,0.05277062216010461,0.05,1730275,1v1
HongZhang_c1_c0,0,51812,43303,0.054435550491046474,0.05,1734146,1v1
HongZhang_c1_c0,1,3932,38814,0.05277062216010461,0.05,1734146,1v1
HongZhang_c1_c0,0,54028,28542,0.04078585587489918,0.04,1739806,1v1
HongZhang_c1_c0,1,18520,54665,0.04073398207965279,0.04,1739806,1v1
HongZhang_c1_c0,0,54028,38387,0.044223624914584134,0.04,1739807,1v1
HongZhang_c1_c0,1,18520,54665,0.04073398207965279,0.04,1739807,1v1
HongZhang_c1_c0,0,54028,43303,0.055438018394890536,0.05,1739808,1v1
HongZhang_c1_c0,1,3932,38814,0.05277062216010461,0.05,1739808,1v1
HongZhang_c1_c0,0,54028,47603,0.046355036499738315,0.04,1739809,1v1
HongZhang_c1_c0,1,18520,54665,0.04073398207965279,0.04,1739809,1v1
HongZhang_c1_c0,0,54140,75817,0.07624270932973609,0.07,1740193,1v1
HongZhang_c1_c0,1,881,58426,0.07273856859211505,0.07,1740193,1v1
HongZhang_c1_c0,0,55374,38387,0.044235308251281524,0.04,1743983,1v1
HongZhang_c1_c0,1,18520,54665,0.04073398207965279,0.04,1743983,1v1
HongZhang_c1_c0,0,55374,43303,0.04993723518435059,0.04,1743984,1v1
HongZhang_c1_c0,1,18520,54665,0.04073398207965279,0.04,1743984,1v1
HongZhang_c1_c0,0,58996,28542,0.046070500046280535,0.04,1752548,1v1
HongZhang_c1_c0,1,18520,54665,0.04073398207965279,0.04,1752548,1v1
HongZhang_c1_c0,0,58996,38387,0.041374830071529,0.04,1752549,1v1
HongZhang_c1_c0,1,18520,54665,0.04073398207965279,0.04,1752549,1v1
HongZhang_c1_c0,0,58996,43303,0.049238254979096105,0.04,1752550,1v1
HongZhang_c1_c0,1,18520,54665,0.04073398207965279,0.04,1752550,1v1
HongZhang_c1_c0,0,58996,44331,0.049842499242758145,0.04,1752551,1v1
HongZhang_c1_c0,1,18520,54665,0.04073398207965279,0.04,1752551,1v1
HongZhang_c1_c0,0,61374,28542,0.04783809305995283,0.04,1757680,1v1
HongZhang_c1_c0,1,18520,54665,0.04073398207965279,0.04,1757680,1v1
HongZhang_c1_c0,0,61374,38387,0.04730183485258715,0.04,1757681,1v1
HongZhang_c1_c0,1,18520,54665,0.04073398207965279,0.04,1757681,1v1
HongZhang_c1_c0,0,62790,28542,0.03765030889504689,0.03,1760750,1v1
HongZhang_c1_c0,1,3825,66815,0.03127487153617065,0.03,1760750,1v1
HongZhang_c1_c0,0,62790,38387,0.040406969066527514,0.04,1760751,1v1
HongZhang_c1_c0,1,18520,54665,0.04073398207965279,0.04,1760751,1v1
HongZhang_c1_c0,0,62790,43303,0.04884557837351478,0.04,1760752,1v1
HongZhang_c1_c0,1,18520,54665,0.04073398207965279,0.04,1760752,1v1
HongZhang_c1_c0,0,62790,45289,0.057228002858216734,0.05,1760753,1v1
HongZhang_c1_c0,1,3932,38814,0.05277062216010461,0.05,1760753,1v1
HongZhang_c1_c0,0,62790,47603,0.04486240319790126,0.04,1760754,1v1
HongZhang_c1_c0,1,18520,54665,0.04073398207965279,0.04,1760754,1v1
HongZhang_c1_c0,0,62790,72105,0.04461468293007036,0.04,1760755,1v1
HongZhang_c1_c0,1,18520,54665,0.04073398207965279,0.04,1760755,1v1
HongZhang_c1_c0,0,62790,75817,0.06866862150281,0.06,1760756,1v1
HongZhang_c1_c0,1,3789,76670,0.0680011743544015,0.06,1760756,1v1
HongZhang_c1_c0,0,62940,59419,0.10656384725549099,0.1,1761118,1v1
HongZhang_c1_c0,1,45168,74876,0.10350222642204003,0.1,1761118,1v1
HongZhang_c1_c0,0,62940,61708,0.10492486035088143,0.1,1761119,1v1
HongZhang_c1_c0,1,45168,74876,0.10350222642204003,0.1,1761119,1v1
HongZhang_c1_c0,0,62940,65476,0.09167056050611326,0.09,1761120,1v1
HongZhang_c1_c0,1,36079,44423,0.09114080891105868,0.09,1761120,1v1
HongZhang_c1_c0,0,62940,65839,0.0922482162539399,0.09,1761121,1v1
HongZhang_c1_c0,1,36079,44423,0.09114080891105868,0.09,1761121,1v1
HongZhang_c1_c0,0,62940,66894,0.0758430886214579,0.07,1761122,1v1
HongZhang_c1_c0,1,881,58426,0.07273856859211505,0.07,1761122,1v1
HongZhang_c1_c0,0,62940,68107,0.09199542265453882,0.09,1761123,1v1
HongZhang_c1_c0,1,36079,44423,0.09114080891105868,0.09,1761123,1v1
HongZhang_c1_c0,0,62940,68146,0.10473583774188389,0.1,1761124,1v1
HongZhang_c1_c0,1,45168,74876,0.10350222642204003,0.1,1761124,1v1
HongZhang_c1_c0,0,62940,72492,0.120458604253129,0.12,1761125,1v1
HongZhang_c1_c0,1,18471,30264,0.129740028514657,0.12,1761125,1v1
HongZhang_c1_c0,0,62940,75663,0.11111864788993733,0.11,1761126,1v1
HongZhang_c1_c0,1,58009,86874,0.1145210815415245,0.11,1761126,1v1
HongZhang_c1_c0,0,62940,76726,0.11082187282782043,0.11,1761127,1v1
HongZhang_c1_c0,1,58009,86874,0.1145210815415245,0.11,1761127,1v1
HongZhang_c1_c0,0,62940,80462,0.11318166072888818,0.11,1761128,1v1
HongZhang_c1_c0,1,58009,86874,0.1145210815415245,0.11,1761128,1v1
HongZhang_c1_c0,0,62940,81127,0.09504181977782407,0.09,1761129,1v1
HongZhang_c1_c0,1,36079,44423,0.09114080891105868,0.09,1761129,1v1
HongZhang_c1_c0,0,62940,81276,0.08274483003485618,0.08,1761130,1v1
HongZhang_c1_c0,1,1035,8374,0.08860428896121796,0.08,1761130,1v1
HongZhang_c1_c0,0,62940,82099,0.10845581908187794,0.1,1761131,1v1
HongZhang_c1_c0,1,45168,74876,0.10350222642204003,0.1,1761131,1v1
HongZhang_c1_c0,0,62940,83595,0.10830685429972808,0.1,1761132,1v1
HongZhang_c1_c0,1,45168,74876,0.10350222642204003,0.1,1761132,1v1
HongZhang_c1_c0,0,62940,84960,0.10934138298614503,0.1,1761133,1v1
HongZhang_c1_c0,1,45168,74876,0.10350222642204003,0.1,1761133,1v1
HongZhang_c1_c0,0,62940,86402,0.1097900371842458,0.1,1761134,1v1
HongZhang_c1_c0,1,45168,74876,0.10350222642204003,0.1,1761134,1v1
HongZhang_c1_c0,0,62940,87757,0.10563727411689075,0.1,1761135,1v1
HongZhang_c1_c0,1,45168,74876,0.10350222642204003,0.1,1761135,1v1
HongZhang_c1_c0,0,62940,89274,0.10825189852445966,0.1,1761136,1v1
HongZhang_c1_c0,1,45168,74876,0.10350222642204003,0.1,1761136,1v1
HongZhang_c1_c0,0,62940,90600,0.09813872844080652,0.09,1761137,1v1
HongZhang_c1_c0,1,36079,44423,0.09114080891105868,0.09,1761137,1v1
HongZhang_c1_c0,0,62940,92198,0.100760123818366,0.1,1761138,1v1
HongZhang_c1_c0,1,45168,74876,0.10350222642204003,0.1,1761138,1v1
HongZhang_c1_c0,0,65283,38387,0.04379373207784739,0.04,1765082,1v1
HongZhang_c1_c0,1,18520,54665,0.04073398207965279,0.04,1765082,1v1
HongZhang_c1_c0,0,65283,43303,0.04950548353350398,0.04,1765083,1v1
HongZhang_c1_c0,1,18520,54665,0.04073398207965279,0.04,1765083,1v1
HongZhang_c1_c0,0,67904,37986,0.06637108708486308,0.06,1769248,1v1
HongZhang_c1_c0,1,3789,76670,0.0680011743544015,0.06,1769248,1v1
HongZhang_c1_c0,0,67904,38387,0.04165973764546557,0.04,1769249,1v1
HongZhang_c1_c0,1,18520,54665,0.04073398207965279,0.04,1769249,1v1
HongZhang_c1_c0,0,67904,43303,0.047451567752384065,0.04,1769250,1v1
HongZhang_c1_c0,1,18520,54665,0.04073398207965279,0.04,1769250,1v1
HongZhang_c1_c0,0,67904,44331,0.05127244353330968,0.05,1769251,1v1
HongZhang_c1_c0,1,3932,38814,0.05277062216010461,0.05,1769251,1v1
HongZhang_c1_c0,0,68040,59419,0.11877247508375989,0.11,1769439,1v1
HongZhang_c1_c0,1,58009,86874,0.1145210815415245,0.11,1769439,1v1
HongZhang_c1_c0,0,68040,61708,0.1161828589002313,0.11,1769440,1v1
HongZhang_c1_c0,1,58009,86874,0.1145210815415245,0.11,1769440,1v1
HongZhang_c1_c0,0,68040,65476,0.10360103529178423,0.1,1769441,1v1
HongZhang_c1_c0,1,45168,74876,0.10350222642204003,0.1,1769441,1v1
HongZhang_c1_c0,0,68040,65839,0.10338807954586703,0.1,1769442,1v1
HongZhang_c1_c0,1,45168,74876,0.10350222642204003,0.1,1769442,1v1
HongZhang_c1_c0,0,68040,66894,0.08770465096966633,0.08,1769443,1v1
HongZhang_c1_c0,1,1035,8374,0.08860428896121796,0.08,1769443,1v1
HongZhang_c1_c0,0,68040,68107,0.10396646158633671,0.1,1769444,1v1
HongZhang_c1_c0,1,45168,74876,0.10350222642204003,0.1,1769444,1v1
HongZhang_c1_c0,0,68040,68146,0.11694601705994788,0.11,1769445,1v1
HongZhang_c1_c0,1,58009,86874,0.1145210815415245,0.11,1769445,1v1
HongZhang_c1_c0,0,68040,75663,0.12324793856381007,0.12,1769446,1v1
HongZhang_c1_c0,1,18471,30264,0.129740028514657,0.12,1769446,1v1
HongZhang_c1_c0,0,68040,81127,0.10593876318357852,0.1,1769447,1v1
HongZhang_c1_c0,1,45168,74876,0.10350222642204003,0.1,1769447,1v1
HongZhang_c1_c0,0,68040,81276,0.09394734297897464,0.09,1769448,1v1
HongZhang_c1_c0,1,36079,44423,0.09114080891105868,0.09,1769448,1v1
HongZhang_c1_c0,0,68040,82099,0.11971853815119082,0.11,1769449,1v1
HongZhang_c1_c0,1,58009,86874,0.1145210815415245,0.11,1769449,1v1
HongZhang_c1_c0,0,68040,87757,0.11696516799409236,0.11,1769450,1v1
HongZhang_c1_c0,1,58009,86874,0.1145210815415245,0.11,1769450,1v1
HongZhang_c1_c0,0,68040,90600,0.10963926617098475,0.1,1769451,1v1
HongZhang_c1_c0,1,45168,74876,0.10350222642204003,0.1,1769451,1v1
HongZhang_c1_c0,0,68040,92198,0.11236340005354964,0.11,1769452,1v1
HongZhang_c1_c0,1,58009,86874,0.1145210815415245,0.11,1769452,1v1
HongZhang_c1_c0,0,71022,37986,0.06478463748065205,0.06,1774266,1v1
HongZhang_c1_c0,1,3789,76670,0.0680011743544015,0.06,1774266,1v1
HongZhang_c1_c0,0,71022,43303,0.05418869762695093,0.05,1774267,1v1
HongZhang_c1_c0,1,3932,38814,0.05277062216010461,0.05,1774267,1v1
HongZhang_c1_c0,0,71022,61708,0.099677653111949,0.09,1774268,1v1
HongZhang_c1_c0,1,36079,44423,0.09114080891105868,0.09,1774268,1v1
HongZhang_c1_c0,0,71022,81127,0.09364822983687257,0.09,1774269,1v1
HongZhang_c1_c0,1,36079,44423,0.09114080891105868,0.09,1774269,1v1
HongZhang_c1_c0,0,71022,82099,0.0998540582912046,0.09,1774270,1v1
HongZhang_c1_c0,1,36079,44423,0.09114080891105868,0.09,1774270,1v1
HongZhang_c1_c0,0,71022,87757,0.10018691470838607,0.1,1774271,1v1
HongZhang_c1_c0,1,45168,74876,0.10350222642204003,0.1,1774271,1v1
HongZhang_c1_c0,0,73614,81276,0.09726745850002894,0.09,1777853,1v1
HongZhang_c1_c0,1,36079,44423,0.09114080891105868,0.09,1777853,1v1
HongZhang_c1_c0,0,74621,65476,0.1029367019055152,0.1,1779381,1v1
HongZhang_c1_c0,1,45168,74876,0.10350222642204003,0.1,1779381,1v1
HongZhang_c1_c0,0,74621,65839,0.0949057434482588,0.09,1779382,1v1
HongZhang_c1_c0,1,36079,44423,0.09114080891105868,0.09,1779382,1v1
HongZhang_c1_c0,0,74621,66894,0.09237685998306056,0.09,1779383,1v1
HongZhang_c1_c0,1,36079,44423,0.09114080891105868,0.09,1779383,1v1
HongZhang_c1_c0,0,74621,68107,0.10427088928707032,0.1,1779384,1v1
HongZhang_c1_c0,1,45168,74876,0.10350222642204003,0.1,1779384,1v1
HongZhang_c1_c0,0,74621,68146,0.1278708230042724,0.12,1779385,1v1
HongZhang_c1_c0,1,18471,30264,0.129740028514657,0.12,1779385,1v1
HongZhang_c1_c0,0,74621,81127,0.09548062838945709,0.09,1779386,1v1
HongZhang_c1_c0,1,36079,44423,0.09114080891105868,0.09,1779386,1v1
HongZhang_c1_c0,0,74621,81276,0.08715337100816026,0.08,1779387,1v1
HongZhang_c1_c0,1,1035,8374,0.08860428896121796,0.08,1779387,1v1
HongZhang_c1_c0,0,74621,90600,0.10358049816305685,0.1,1779388,1v1
HongZhang_c1_c0,1,45168,74876,0.10350222642204003,0.1,1779388,1v1
HongZhang_c1_c0,0,77601,61708,0.11236260656797513,0.11,1782825,1v1
HongZhang_c1_c0,1,58009,86874,0.1145210815415245,0.11,1782825,1v1
HongZhang_c1_c0,0,77601,65476,0.11263455986027253,0.11,1782826,1v1
HongZhang_c1_c0,1,58009,86874,0.1145210815415245,0.11,1782826,1v1
HongZhang_c1_c0,0,77601,65839,0.10295642004316376,0.1,1782827,1v1
HongZhang_c1_c0,1,45168,74876,0.10350222642204003,0.1,1782827,1v1
HongZhang_c1_c0,0,77601,66894,0.09501378738042553,0.09,1782828,1v1
HongZhang_c1_c0,1,36079,44423,0.09114080891105868,0.09,1782828,1v1
HongZhang_c1_c0,0,77601,81127,0.10359640282760689,0.1,1782829,1v1
HongZhang_c1_c0,1,45168,74876,0.10350222642204003,0.1,1782829,1v1
HongZhang_c1_c0,0,77601,81276,0.0936214429177961,0.09,1782830,1v1
HongZhang_c1_c0,1,36079,44423,0.09114080891105868,0.09,1782830,1v1
HongZhang_c1_c0,0,77601,90600,0.11097511509286338,0.11,1782831,1v1
HongZhang_c1_c0,1,58009,86874,0.1145210815415245,0.11,1782831,1v1
HongZhang_c1_c0,0,78600,38387,0.04606455052001822,0.04,1783700,1v1
HongZhang_c1_c0,1,18520,54665,0.04073398207965279,0.04,1783700,1v1
HongZhang_c1_c0,0,78600,43303,0.05314903034737812,0.05,1783701,1v1
HongZhang_c1_c0,1,3932,38814,0.05277062216010461,0.05,1783701,1v1
HongZhang_c1_c0,0,81386,59419,0.09591967186683711,0.09,1785359,1v1
HongZhang_c1_c0,1,36079,44423,0.09114080891105868,0.09,1785359,1v1
HongZhang_c1_c0,0,81386,61708,0.07718425665493535,0.07,1785360,1v1
HongZhang_c1_c0,1,881,58426,0.07273856859211505,0.07,1785360,1v1
HongZhang_c1_c0,0,81386,65476,0.07371373099343063,0.07,1785361,1v1
HongZhang_c1_c0,1,881,58426,0.07273856859211505,0.07,1785361,1v1
HongZhang_c1_c0,0,81386,65839,0.06511629173264277,0.06,1785362,1v1
HongZhang_c1_c0,1,3789,76670,0.0680011743544015,0.06,1785362,1v1
HongZhang_c1_c0,0,81386,66894,0.06190275257074673,0.06,1785363,1v1
HongZhang_c1_c0,1,3789,76670,0.0680011743544015,0.06,1785363,1v1
HongZhang_c1_c0,0,81386,68107,0.07555375361179295,0.07,1785364,1v1
HongZhang_c1_c0,1,881,58426,0.07273856859211505,0.07,1785364,1v1
HongZhang_c1_c0,0,81386,68146,0.09958896024340744,0.09,1785365,1v1
HongZhang_c1_c0,1,36079,44423,0.09114080891105868,0.09,1785365,1v1
HongZhang_c1_c0,0,81386,72492,0.1035367087792784,0.1,1785366,1v1
HongZhang_c1_c0,1,45168,74876,0.10350222642204003,0.1,1785366,1v1
HongZhang_c1_c0,0,81386,75663,0.0998711365834957,0.09,1785367,1v1
HongZhang_c1_c0,1,36079,44423,0.09114080891105868,0.09,1785367,1v1
HongZhang_c1_c0,0,81386,76726,0.09333759452360309,0.09,1785368,1v1
HongZhang_c1_c0,1,36079,44423,0.09114080891105868,0.09,1785368,1v1
HongZhang_c1_c0,0,81386,79709,0.0994465495639834,0.09,1785369,1v1
HongZhang_c1_c0,1,36079,44423,0.09114080891105868,0.09,1785369,1v1
HongZhang_c1_c0,0,81386,80462,0.09335187915664034,0.09,1785370,1v1
HongZhang_c1_c0,1,36079,44423,0.09114080891105868,0.09,1785370,1v1
HongZhang_c1_c0,0,81386,81127,0.06610200114508218,0.06,1785371,1v1
HongZhang_c1_c0,1,3789,76670,0.0680011743544015,0.06,1785371,1v1
HongZhang_c1_c0,0,81386,81275,0.10906212440016028,0.1,1785372,1v1
HongZhang_c1_c0,1,45168,74876,0.10350222642204003,0.1,1785372,1v1
HongZhang_c1_c0,0,81386,81276,0.056374008906077085,0.05,1785373,1v1
HongZhang_c1_c0,1,3932,38814,0.05277062216010461,0.05,1785373,1v1
HongZhang_c1_c0,0,81386,82099,0.08057492752685283,0.08,1785374,1v1
HongZhang_c1_c0,1,1035,8374,0.08860428896121796,0.08,1785374,1v1
HongZhang_c1_c0,0,81386,83595,0.08241561577921025,0.08,1785375,1v1
HongZhang_c1_c0,1,1035,8374,0.08860428896121796,0.08,1785375,1v1
HongZhang_c1_c0,0,81386,84960,0.0833324760871334,0.08,1785376,1v1
HongZhang_c1_c0,1,1035,8374,0.08860428896121796,0.08,1785376,1v1
HongZhang_c1_c0,0,81386,86402,0.08234587214347028,0.08,1785377,1v1
HongZhang_c1_c0,1,1035,8374,0.08860428896121796,0.08,1785377,1v1
HongZhang_c1_c0,0,81386,87757,0.0784802112080326,0.07,1785378,1v1
HongZhang_c1_c0,1,881,58426,0.07273856859211505,0.07,1785378,1v1
HongZhang_c1_c0,0,81386,89274,0.0840642298375752,0.08,1785379,1v1
HongZhang_c1_c0,1,1035,8374,0.08860428896121796,0.08,1785379,1v1
HongZhang_c1_c0,0,81386,90600,0.07340284700814896,0.07,1785380,1v1
HongZhang_c1_c0,1,881,58426,0.07273856859211505,0.07,1785380,1v1
HongZhang_c1_c0,0,81386,92198,0.07687439977210118,0.07,1785381,1v1
HongZhang_c1_c0,1,881,58426,0.07273856859211505,0.07,1785381,1v1
HongZhang_c1_c0,0,81387,61708,0.12414266420830823,0.12,1785385,1v1
HongZhang_c1_c0,1,18471,30264,0.129740028514657,0.12,1785385,1v1
HongZhang_c1_c0,0,81387,65476,0.11830896668629191,0.11,1785386,1v1
HongZhang_c1_c0,1,58009,86874,0.1145210815415245,0.11,1785386,1v1
HongZhang_c1_c0,0,81387,65839,0.11447801227600321,0.11,1785387,1v1
HongZhang_c1_c0,1,58009,86874,0.1145210815415245,0.11,1785387,1v1
HongZhang_c1_c0,0,81387,66894,0.09616437951113563,0.09,1785388,1v1
HongZhang_c1_c0,1,36079,44423,0.09114080891105868,0.09,1785388,1v1
HongZhang_c1_c0,0,81387,68107,0.11973054481297589,0.11,1785389,1v1
HongZhang_c1_c0,1,58009,86874,0.1145210815415245,0.11,1785389,1v1
HongZhang_c1_c0,0,81387,81127,0.11661996409601695,0.11,1785390,1v1
HongZhang_c1_c0,1,58009,86874,0.1145210815415245,0.11,1785390,1v1
HongZhang_c1_c0,0,81387,81276,0.10374958581067985,0.1,1785391,1v1
HongZhang_c1_c0,1,45168,74876,0.10350222642204003,0.1,1785391,1v1
HongZhang_c1_c0,0,81387,82099,0.12717711130611475,0.12,1785392,1v1
HongZhang_c1_c0,1,18471,30264,0.129740028514657,0.12,1785392,1v1
HongZhang_c1_c0,0,81387,86402,0.12748599041620187,0.12,1785393,1v1
HongZhang_c1_c0,1,18471,30264,0.129740028514657,0.12,1785393,1v1
HongZhang_c1_c0,0,81387,87757,0.12597385662678962,0.12,1785394,1v1
HongZhang_c1_c0,1,18471,30264,0.129740028514657,0.12,1785394,1v1
HongZhang_c1_c0,0,81387,90600,0.12089219038484891,0.12,1785395,1v1
HongZhang_c1_c0,1,18471,30264,0.129740028514657,0.12,1785395,1v1
HongZhang_c1_c0,0,81387,92198,0.12388166609728736,0.12,1785396,1v1
HongZhang_c1_c0,1,18471,30264,0.129740028514657,0.12,1785396,1v1
HongZhang_c1_c0,0,84787,37986,0.06621669004857153,0.06,1787957,1v1
HongZhang_c1_c0,1,3789,76670,0.0680011743544015,0.06,1787957,1v1
HongZhang_c1_c0,0,84787,38387,0.04372679082287469,0.04,1787958,1v1
HongZhang_c1_c0,1,18520,54665,0.04073398207965279,0.04,1787958,1v1
HongZhang_c1_c0,0,84787,43303,0.04804986717070549,0.04,1787959,1v1
HongZhang_c1_c0,1,18520,54665,0.04073398207965279,0.04,1787959,1v1
HongZhang_c1_c0,0,86236,28542,0.04694390157832976,0.04,1788653,1v1
HongZhang_c1_c0,1,18520,54665,0.04073398207965279,0.04,1788653,1v1
HongZhang_c1_c0,0,86236,38387,0.047592544103595896,0.04,1788654,1v1
HongZhang_c1_c0,1,18520,54665,0.04073398207965279,0.04,1788654,1v1
HongZhang_c2_c1,0,5078,26499,0.10558240929936202,0.1,1869298,1v1
HongZhang_c2_c1,1,29690,92998,0.10412129607721415,0.1,1869298,1v1
HongZhang_c2_c1,0,5315,4189,0.1035676215268155,0.1,1871134,1v1
HongZhang_c2_c1,1,29690,92998,0.10412129607721415,0.1,1871134,1v1
HongZhang_c2_c1,0,5315,18283,0.09994553929518527,0.09,1871135,1v1
HongZhang_c2_c1,1,1259,67867,0.09328011190348717,0.09,1871135,1v1
HongZhang_c2_c1,0,5758,26499,0.10759376752181339,0.1,1874645,1v1
HongZhang_c2_c1,1,29690,92998,0.10412129607721415,0.1,1874645,1v1
HongZhang_c2_c1,0,6203,4133,0.07994520069139979,0.07,1878763,1v1
HongZhang_c2_c1,1,3495,16622,0.07016278308057598,0.07,1878763,1v1
HongZhang_c2_c1,0,6203,4189,0.07848079403119995,0.07,1878764,1v1
HongZhang_c2_c1,1,3495,16622,0.07016278308057598,0.07,1878764,1v1
HongZhang_c2_c1,0,6203,5338,0.10062237458824223,0.1,1878765,1v1
HongZhang_c2_c1,1,29690,92998,0.10412129607721415,0.1,1878765,1v1
HongZhang_c2_c1,0,6203,5473,0.07916849374130244,0.07,1878766,1v1
HongZhang_c2_c1,1,3495,16622,0.07016278308057598,0.07,1878766,1v1
HongZhang_c2_c1,0,6203,18283,0.06426731647472739,0.06,1878767,1v1
HongZhang_c2_c1,1,31329,38117,0.06707737390500543,0.06,1878767,1v1
HongZhang_c2_c1,0,8313,4189,0.1070277027460318,0.1,1930947,1v1
HongZhang_c2_c1,1,29690,92998,0.10412129607721415,0.1,1930947,1v1
HongZhang_c2_c1,0,16325,4189,0.10642050882959204,0.1,2095412,1v1
HongZhang_c2_c1,1,29690,92998,0.10412129607721415,0.1,2095412,1v1
HongZhang_c2_c1,0,17592,18283,0.10263904897834515,0.1,2115976,1v1
HongZhang_c2_c1,1,29690,92998,0.10412129607721415,0.1,2115976,1v1
HongZhang_c2_c1,0,18153,4189,0.10125524636368596,0.1,2125247,1v1
HongZhang_c2_c1,1,29690,92998,0.10412129607721415,0.1,2125247,1v1
HongZhang_c2_c1,0,18153,26499,0.11721269048179427,0.11,2125248,1v1
HongZhang_c2_c1,1,87081,92903,0.11530691184468146,0.11,2125248,1v1
HongZhang_c2_c1,0,18265,4133,0.09348508323507618,0.09,2126832,1v1
HongZhang_c2_c1,1,1259,67867,0.09328011190348717,0.09,2126832,1v1
HongZhang_c2_c1,0,18265,4189,0.07790223953273095,0.07,2126833,1v1
HongZhang_c2_c1,1,3495,16622,0.07016278308057598,0.07,2126833,1v1
HongZhang_c2_c1,0,18265,5338,0.10052793609405698,0.1,2126834,1v1
HongZhang_c2_c1,1,29690,92998,0.10412129607721415,0.1,2126834,1v1
HongZhang_c2_c1,0,18265,5473,0.08482562686342755,0.08,2126835,1v1
HongZhang_c2_c1,1,43987,77419,0.08071693050563991,0.08,2126835,1v1
HongZhang_c2_c1,0,18265,18283,0.08670301845182511,0.08,2126836,1v1
HongZhang_c2_c1,1,43987,77419,0.08071693050563991,0.08,2126836,1v1
HongZhang_c2_c1,0,30067,4189,0.1060381775227783,0.1,2294137,1v1
HongZhang_c2_c1,1,29690,92998,0.10412129607721415,0.1,2294137,1v1
HongZhang_c2_c1,0,30067,18471,0.13274048128560995,0.13,2294138,1v1
HongZhang_c2_c1,1,85601,88169,0.1375464051973417,0.13,2294138,1v1
HongZhang_c2_c1,0,30067,18472,0.11888240439086316,0.11,2294139,1v1
HongZhang_c2_c1,1,87081,92903,0.11530691184468146,0.11,2294139,1v1
HongZhang_c2_c1,0,30067,26499,0.08916014701163028,0.08,2294140,1v1
HongZhang_c2_c1,1,43987,77419,0.08071693050563991,0.08,2294140,1v1
HongZhang_c2_c1,0,69516,26499,0.10933583136897473,0.1,2667338,1v1
HongZhang_c2_c1,1,29690,92998,0.10412129607721415,0.1,2667338,1v1
HongZhang_c2_c1,0,71761,26499,0.10377203334900759,0.1,2680926,1v1
HongZhang_c2_c1,1,29690,92998,0.10412129607721415,0.1,2680926,1v1
HongZhang_c2_c1,0,81206,4133,0.11605975697157339,0.11,2725280,1v1
HongZhang_c2_c1,1,87081,92903,0.11530691184468146,0.11,2725280,1v1
HongZhang_c2_c1,0,81206,4189,0.09511244920378147,0.09,2725281,1v1
HongZhang_c2_c1,1,1259,67867,0.09328011190348717,0.09,2725281,1v1
HongZhang_c2_c1,0,81206,5338,0.10568915929618393,0.1,2725282,1v1
HongZhang_c2_c1,1,29690,92998,0.10412129607721415,0.1,2725282,1v1
HongZhang_c2_c1,0,81206,5473,0.10240362064760385,0.1,2725283,1v1
HongZhang_c2_c1,1,29690,92998,0.10412129607721415,0.1,2725283,1v1
HongZhang_c2_c1,0,81206,18283,0.11674713294478352,0.11,2725284,1v1
HongZhang_c2_c1,1,87081,92903,0.11530691184468146,0.11,2725284,1v1
HongZhang_c2_c1,0,81206,30019,0.10356049935050282,0.1,2725285,1v1
HongZhang_c2_c1,1,29690,92998,0.10412129607721415,0.1,2725285,1v1
HongZhang_c2_c1,0,81206,91875,0.09988117328168127,0.09,2725286,1v1
HongZhang_c2_c1,1,1259,67867,0.09328011190348717,0.09,2725286,1v1
HongZhang_c2_c1,0,86981,26499,0.10697011294316867,0.1,2748430,1v1
HongZhang_c2_c1,1,29690,92998,0.10412129607721415,0.1,2748430,1v1
HongZhang_c2_c97,0,1381,8605,0.10377085891595718,0.1,3013422,1v1
HongZhang_c2_c97,1,50691,55782,0.10361446904372211,0.1,3013422,1v1
HongZhang_c2_c97,0,1381,16273,0.1043501722889436,0.1,3013423,1v1
HongZhang_c2_c97,1,50691,55782,0.10361446904372211,0.1,3013423,1v1
HongZhang_c2_c97,0,1381,54702,0.11059873868526379,0.11,3013424,1v1
HongZhang_c2_c97,1,60622,70599,0.1124882181034009,0.11,3013424,1v1
HongZhang_c2_c97,0,3030,8175,0.1277297756195669,0.12,3035620,1v1
HongZhang_c2_c97,1,88169,91362,0.12546279359767187,0.12,3035620,1v1
HongZhang_c2_c97,0,3640,9056,0.1244711960488541,0.12,3044079,1v1
HongZhang_c2_c97,1,88169,91362,0.12546279359767187,0.12,3044079,1v1
HongZhang_c2_c97,0,8546,16273,0.11688668367015556,0.11,3122838,1v1
HongZhang_c2_c97,1,60622,70599,0.1124882181034009,0.11,3122838,1v1
HongZhang_c2_c97,0,12043,8175,0.12612222362070935,0.12,3200339,1v1
HongZhang_c2_c97,1,88169,91362,0.12546279359767187,0.12,3200339,1v1
HongZhang_c2_c97,0,12044,8175,0.1214463373213447,0.12,3200364,1v1
HongZhang_c2_c97,1,88169,91362,0.12546279359767187,0.12,3200364,1v1
HongZhang_c2_c97,0,12772,2585,0.13657649646990208,0.13,3215164,1v1
HongZhang_c2_c97,1,85608,89719,0.1384245505624525,0.13,3215164,1v1
HongZhang_c2_c97,0,12772,2996,0.1319320266183562,0.13,3215165,1v1
HongZhang_c2_c97,1,85608,89719,0.1384245505624525,0.13,3215165,1v1
HongZhang_c2_c97,0,12772,9759,0.13114174926865524,0.13,3215166,1v1
HongZhang_c2_c97,1,85608,89719,0.1384245505624525,0.13,3215166,1v1
HongZhang_c2_c97,0,12772,11638,0.12925270313685203,0.12,3215167,1v1
HongZhang_c2_c97,1,88169,91362,0.12546279359767187,0.12,3215167,1v1
HongZhang_c2_c97,0,12772,12496,0.12764116697929512,0.12,3215168,1v1
HongZhang_c2_c97,1,88169,91362,0.12546279359767187,0.12,3215168,1v1
HongZhang_c2_c97,0,12772,14217,0.1420197010310572,0.14,3215169,1v1
HongZhang_c2_c97,1,14217,37505,0.14026273834493153,0.14,3215169,1v1
HongZhang_c2_c97,0,12772,14299,0.11946143373228833,0.11,3215170,1v1
HongZhang_c2_c97,1,60622,70599,0.1124882181034009,0.11,3215170,1v1
HongZhang_c2_c97,0,12772,15561,0.1338970047937708,0.13,3215171,1v1
HongZhang_c2_c97,1,85608,89719,0.1384245505624525,0.13,3215171,1v1
HongZhang_c2_c97,0,12772,15582,0.1402564892182317,0.14,3215172,1v1
HongZhang_c2_c97,1,14217,37505,0.14026273834493153,0.14,3215172,1v1
HongZhang_c2_c97,0,12772,15879,0.12610496096434984,0.12,3215173,1v1
HongZhang_c2_c97,1,88169,91362,0.12546279359767187,0.12,3215173,1v1
HongZhang_c2_c97,0,12772,16273,0.10327312937493348,0.1,3215174,1v1
HongZhang_c2_c97,1,50691,55782,0.10361446904372211,0.1,3215174,1v1
HongZhang_c2_c97,0,12772,16360,0.14101273500027917,0.14,3215175,1v1
HongZhang_c2_c97,1,14217,37505,0.14026273834493153,0.14,3215175,1v1
HongZhang_c2_c97,0,12772,16549,0.13601180228359436,0.13,3215176,1v1
HongZhang_c2_c97,1,85608,89719,0.1384245505624525,0.13,3215176,1v1
HongZhang_c2_c97,0,12772,21057,0.1397175554434859,0.13,3215177,1v1
HongZhang_c2_c97,1,85608,89719,0.1384245505624525,0.13,3215177,1v1
HongZhang_c2_c97,0,12772,23011,0.12336709571607368,0.12,3215178,1v1
HongZhang_c2_c97,1,88169,91362,0.12546279359767187,0.12,3215178,1v1
HongZhang_c2_c97,0,12772,36341,0.13641048681379717,0.13,3215179,1v1
HongZhang_c2_c97,1,85608,89719,0.1384245505624525,0.13,3215179,1v1
HongZhang_c2_c97,0,12772,37505,0.14474034293281723,0.14,3215180,1v1
HongZhang_c2_c97,1,14217,37505,0.14026273834493153,0.14,3215180,1v1
HongZhang_c2_c97,0,12772,38679,0.1360280075610955,0.13,3215181,1v1
HongZhang_c2_c97,1,85608,89719,0.1384245505624525,0.13,3215181,1v1
HongZhang_c2_c97,0,12772,41814,0.13516144924889953,0.13,3215182,1v1
HongZhang_c2_c97,1,85608,89719,0.1384245505624525,0.13,3215182,1v1
HongZhang_c2_c97,0,13293,8175,0.12906576844770962,0.12,3226174,1v1
HongZhang_c2_c97,1,88169,91362,0.12546279359767187,0.12,3226174,1v1
HongZhang_c2_c97,0,13293,9056,0.12482059333313626,0.12,3226175,1v1
HongZhang_c2_c97,1,88169,91362,0.12546279359767187,0.12,3226175,1v1
HongZhang_c2_c97,0,15974,2585,0.11749597828040137,0.11,3276647,1v1
HongZhang_c2_c97,1,60622,70599,0.1124882181034009,0.11,3276647,1v1
HongZhang_c2_c97,0,15974,2996,0.11434265674401671,0.11,3276648,1v1
HongZhang_c2_c97,1,60622,70599,0.1124882181034009,0.11,3276648,1v1
HongZhang_c2_c97,0,15974,7277,0.12395146556418778,0.12,3276649,1v1
HongZhang_c2_c97,1,88169,91362,0.12546279359767187,0.12,3276649,1v1
HongZhang_c2_c97,0,15974,9759,0.10880402940942287,0.1,3276650,1v1
HongZhang_c2_c97,1,50691,55782,0.10361446904372211,0.1,3276650,1v1
HongZhang_c2_c97,0,15974,11638,0.1139688959140711,0.11,3276651,1v1
HongZhang_c2_c97,1,60622,70599,0.1124882181034009,0.11,3276651,1v1
HongZhang_c2_c97,0,15974,11761,0.13064078684939803,0.13,3276652,1v1
HongZhang_c2_c97,1,85608,89719,0.1384245505624525,0.13,3276652,1v1
HongZhang_c2_c97,0,15974,14299,0.1146488063785186,0.11,3276653,1v1
HongZhang_c2_c97,1,60622,70599,0.1124882181034009,0.11,3276653,1v1
HongZhang_c2_c97,0,15974,15879,0.12977625904989767,0.12,3276654,1v1
HongZhang_c2_c97,1,88169,91362,0.12546279359767187,0.12,3276654,1v1
HongZhang_c2_c97,0,15974,16273,0.0790351247465354,0.07,3276655,1v1
HongZhang_c2_c97,1,32840,81923,0.07110013178915402,0.07,3276655,1v1
HongZhang_c2_c97,0,15974,16360,0.12039271024794722,0.12,3276656,1v1
HongZhang_c2_c97,1,88169,91362,0.12546279359767187,0.12,3276656,1v1
HongZhang_c2_c97,0,15974,16549,0.13538246094564055,0.13,3276657,1v1
HongZhang_c2_c97,1,85608,89719,0.1384245505624525,0.13,3276657,1v1
HongZhang_c2_c97,0,15974,19782,0.1331669688624305,0.13,3276658,1v1
HongZhang_c2_c97,1,85608,89719,0.1384245505624525,0.13,3276658,1v1
HongZhang_c2_c97,0,15974,20387,0.12724637502136021,0.12,3276659,1v1
HongZhang_c2_c97,1,88169,91362,0.12546279359767187,0.12,3276659,1v1
HongZhang_c2_c97,0,15974,20649,0.13463972250453646,0.13,3276660,1v1
HongZhang_c2_c97,1,85608,89719,0.1384245505624525,0.13,3276660,1v1
HongZhang_c2_c97,0,15974,21057,0.12277061176987523,0.12,3276661,1v1
HongZhang_c2_c97,1,88169,91362,0.12546279359767187,0.12,3276661,1v1
HongZhang_c2_c97,0,15974,23011,0.14006376559481717,0.14,3276662,1v1
HongZhang_c2_c97,1,14217,37505,0.14026273834493153,0.14,3276662,1v1
HongZhang_c2_c97,0,15974,37463,0.13271026957559146,0.13,3276663,1v1
HongZhang_c2_c97,1,85608,89719,0.1384245505624525,0.13,3276663,1v1
HongZhang_c2_c97,0,15974,54702,0.1337292765472176,0.13,3276664,1v1
HongZhang_c2_c97,1,85608,89719,0.1384245505624525,0.13,3276664,1v1
HongZhang_c2_c97,0,16463,8175,0.09793833541375178,0.09,3284503,1v1
HongZhang_c2_c97,1,21911,78574,0.09144223688597872,0.09,3284503,1v1
HongZhang_c2_c97,0,16463,8605,0.08906544956883512,0.08,3284504,1v1
HongZhang_c2_c97,1,9226,10693,0.08079817111064992,0.08,3284504,1v1
HongZhang_c2_c97,0,16463,9056,0.11107893743169715,0.11,3284505,1v1
HongZhang_c2_c97,1,60622,70599,0.1124882181034009,0.11,3284505,1v1
HongZhang_c2_c97,0,17470,11638,0.14870747014472205,0.14,3301110,1v1
HongZhang_c2_c97,1,14217,37505,0.14026273834493153,0.14,3301110,1v1
HongZhang_c2_c97,0,17470,11722,0.15132253763658324,0.15,3301111,1v1
HongZhang_c2_c97,1,85610,86966,0.15039708856474374,0.15,3301111,1v1
HongZhang_c2_c97,0,17470,12496,0.1388007600367708,0.13,3301112,1v1
HongZhang_c2_c97,1,85608,89719,0.1384245505624525,0.13,3301112,1v1
HongZhang_c2_c97,0,17470,14217,0.14545217808564323,0.14,3301113,1v1
HongZhang_c2_c97,1,14217,37505,0.14026273834493153,0.14,3301113,1v1
HongZhang_c2_c97,0,17470,14299,0.14634639110865955,0.14,3301114,1v1
HongZhang_c2_c97,1,14217,37505,0.14026273834493153,0.14,3301114,1v1
HongZhang_c2_c97,0,17470,14555,0.1503453496308861,0.15,3301115,1v1
HongZhang_c2_c97,1,85610,86966,0.15039708856474374,0.15,3301115,1v1
HongZhang_c2_c97,0,17470,15483,0.1483030785610763,0.14,3301116,1v1
HongZhang_c2_c97,1,14217,37505,0.14026273834493153,0.14,3301116,1v1
HongZhang_c2_c97,0,17470,15561,0.14250140988115667,0.14,3301117,1v1
HongZhang_c2_c97,1,14217,37505,0.14026273834493153,0.14,3301117,1v1
HongZhang_c2_c97,0,17470,15582,0.14279757312242483,0.14,3301118,1v1
HongZhang_c2_c97,1,14217,37505,0.14026273834493153,0.14,3301118,1v1
HongZhang_c2_c97,0,17470,15879,0.1473839346284477,0.14,3301119,1v1
HongZhang_c2_c97,1,14217,37505,0.14026273834493153,0.14,3301119,1v1
HongZhang_c2_c97,0,17470,16195,0.15221630259470162,0.15,3301120,1v1
HongZhang_c2_c97,1,85610,86966,0.15039708856474374,0.15,3301120,1v1
HongZhang_c2_c97,0,17470,16273,0.1345264121240966,0.13,3301121,1v1
HongZhang_c2_c97,1,85608,89719,0.1384245505624525,0.13,3301121,1v1
HongZhang_c2_c97,0,17470,16549,0.14706017524813156,0.14,3301122,1v1
HongZhang_c2_c97,1,14217,37505,0.14026273834493153,0.14,3301122,1v1
HongZhang_c2_c97,0,17470,23011,0.1446843261474964,0.14,3301123,1v1
HongZhang_c2_c97,1,14217,37505,0.14026273834493153,0.14,3301123,1v1
HongZhang_c2_c97,0,17470,36341,0.1527041434520106,0.15,3301124,1v1
HongZhang_c2_c97,1,85610,86966,0.15039708856474374,0.15,3301124,1v1
HongZhang_c2_c97,0,20209,11638,0.15093676614782045,0.15,3339439,1v1
HongZhang_c2_c97,1,85610,86966,0.15039708856474374,0.15,3339439,1v1
HongZhang_c2_c97,0,20209,16273,0.1239546978567491,0.12,3339440,1v1
HongZhang_c2_c97,1,88169,91362,0.12546279359767187,0.12,3339440,1v1
HongZhang_c2_c97,0,30075,8175,0.11462184162896141,0.11,3481177,1v1
HongZhang_c2_c97,1,60622,70599,0.1124882181034009,0.11,3481177,1v1
HongZhang_c2_c97,0,30075,8605,0.12475424063359697,0.12,3481178,1v1
HongZhang_c2_c97,1,88169,91362,0.12546279359767187,0.12,3481178,1v1
HongZhang_c2_c97,0,30075,9056,0.1128221189253696,0.11,3481179,1v1
HongZhang_c2_c97,1,60622,70599,0.1124882181034009,0.11,3481179,1v1
HongZhang_c2_c97,0,48542,8175,0.09728709002642821,0.09,3673129,1v1
HongZhang_c2_c97,1,21911,78574,0.09144223688597872,0.09,3673129,1v1
HongZhang_c2_c97,0,48542,9056,0.11234399719855492,0.11,3673130,1v1
HongZhang_c2_c97,1,60622,70599,0.1124882181034009,0.11,3673130,1v1
HongZhang_c2_c97,0,54711,8175,0.09759575630316034,0.09,3733018,1v1
HongZhang_c2_c97,1,21911,78574,0.09144223688597872,0.09,3733018,1v1
HongZhang_c2_c97,0,54711,8605,0.08872469841855793,0.08,3733019,1v1
HongZhang_c2_c97,1,9226,10693,0.08079817111064992,0.08,3733019,1v1
HongZhang_c2_c97,0,54711,9056,0.11330580032865681,0.11,3733020,1v1
HongZhang_c2_c97,1,60622,70599,0.1124882181034009,0.11,3733020,1v1
HongZhang_c2_c97,0,54839,8175,0.0875288535613736,0.08,3734427,1v1
HongZhang_c2_c97,1,9226,10693,0.08079817111064992,0.08,3734427,1v1
HongZhang_c2_c97,0,54839,8605,0.08474809463391515,0.08,3734428,1v1
HongZhang_c2_c97,1,9226,10693,0.08079817111064992,0.08,3734428,1v1
HongZhang_c2_c97,0,54839,9056,0.10492575435542882,0.1,3734429,1v1
HongZhang_c2_c97,1,50691,55782,0.10361446904372211,0.1,3734429,1v1
HongZhang_c2_c97,0,65432,8175,0.1002796033231355,0.1,3824495,1v1
HongZhang_c2_c97,1,50691,55782,0.10361446904372211,0.1,3824495,1v1
HongZhang_c2_c97,0,65432,8605,0.08651612851942382,0.08,3824496,1v1
HongZhang_c2_c97,1,9226,10693,0.08079817111064992,0.08,3824496,1v1
HongZhang_c2_c97,0,65432,9056,0.11239884193985156,0.11,3824497,1v1
HongZhang_c2_c97,1,60622,70599,0.1124882181034009,0.11,3824497,1v1
HongZhang_c2_c97,0,69383,8175,0.1257722029885654,0.12,3853820,1v1
HongZhang_c2_c97,1,88169,91362,0.12546279359767187,0.12,3853820,1v1
HongZhang_c2_c97,0,70134,8175,0.11532696895281076,0.11,3857802,1v1
HongZhang_c2_c97,1,60622,70599,0.1124882181034009,0.11,3857802,1v1
HongZhang_c2_c97,0,76649,8175,0.09456989614778452,0.09,3893017,1v1
HongZhang_c2_c97,1,21911,78574,0.09144223688597872,0.09,3893017,1v1
HongZhang_c2_c97,0,76649,8605,0.0855781558318776,0.08,3893018,1v1
HongZhang_c2_c97,1,9226,10693,0.08079817111064992,0.08,3893018,1v1
HongZhang_c2_c97,0,76649,9056,0.11028754802907172,0.11,3893019,1v1
HongZhang_c2_c97,1,60622,70599,0.1124882181034009,0.11,3893019,1v1
HongZhang_c2_c97,0,77596,8175,0.083304712136249,0.08,3897636,1v1
HongZhang_c2_c97,1,9226,10693,0.08079817111064992,0.08,3897636,1v1
HongZhang_c2_c97,0,77596,8605,0.08052456437783526,0.08,3897637,1v1
HongZhang_c2_c97,1,9226,10693,0.08079817111064992,0.08,3897637,1v1
HongZhang_c2_c97,0,77596,9056,0.10209973076782865,0.1,3897638,1v1
HongZhang_c2_c97,1,50691,55782,0.10361446904372211,0.1,3897638,1v1
HongZhang_c2_c97,0,78916,8175,0.07186131381999425,0.07,3903522,1v1
HongZhang_c2_c97,1,32840,81923,0.07110013178915402,0.07,3903522,1v1
HongZhang_c2_c97,0,78916,8605,0.07513344563111071,0.07,3903523,1v1
HongZhang_c2_c97,1,32840,81923,0.07110013178915402,0.07,3903523,1v1
HongZhang_c2_c97,0,78916,9056,0.09067211559322254,0.09,3903524,1v1
HongZhang_c2_c97,1,21911,78574,0.09144223688597872,0.09,3903524,1v1
HongZhang_c2_c97,0,84892,8175,0.09729538731079136,0.09,3926848,1v1
HongZhang_c2_c97,1,21911,78574,0.09144223688597872,0.09,3926848,1v1
HongZhang_c2_c97,0,84892,8605,0.09250932152783965,0.09,3926849,1v1
HongZhang_c2_c97,1,21911,78574,0.09144223688597872,0.09,3926849,1v1
HongZhang_c2_c97,0,89192,8175,0.11318414524195858,0.11,3940367,1v1
HongZhang_c2_c97,1,60622,70599,0.1124882181034009,0.11,3940367,1v1
WangWenCao2_c0_c54,0,1377,13443,0.10050059259931246,0.1,4032422,1v1
WangWenCao2_c0_c54,1,30734,32028,0.1081852583202128,0.1,4032422,1v1
WangWenCao2_c0_c54,0,1377,14356,0.11613726863467518,0.11,4032423,1v1
WangWenCao2_c0_c54,1,21308,25404,0.11981857192440815,0.11,4032423,1v1
WangWenCao2_c0_c54,0,1377,15822,0.13631964498500349,0.13,4032424,1v1
WangWenCao2_c0_c54,1,15295,15822,0.13216432789659166,0.13,4032424,1v1
WangWenCao2_c0_c54,0,1381,13443,0.11885798905612033,0.11,4032513,1v1
WangWenCao2_c0_c54,1,21308,25404,0.11981857192440815,0.11,4032513,1v1
WangWenCao2_c0_c54,0,1382,13443,0.11888968721762262,0.11,4032540,1v1
WangWenCao2_c0_c54,1,21308,25404,0.11981857192440815,0.11,4032540,1v1
WangWenCao2_c0_c54,0,2925,6693,0.13737805420476285,0.13,4076606,1v1
WangWenCao2_c0_c54,1,15295,15822,0.13216432789659166,0.13,4076606,1v1
WangWenCao2_c0_c54,0,2925,14386,0.13546313375037652,0.13,4076607,1v1
WangWenCao2_c0_c54,1,15295,15822,0.13216432789659166,0.13,4076607,1v1
WangWenCao2_c0_c54,0,3559,13443,0.1238539170573765,0.12,4094606,1v1
WangWenCao2_c0_c54,1,25762,25773,0.12650004815263607,0.12,4094606,1v1
WangWenCao2_c0_c54,0,4508,13443,0.12930046494636024,0.12,4121321,1v1
WangWenCao2_c0_c54,1,25762,25773,0.12650004815263607,0.12,4121321,1v1
WangWenCao2_c0_c54,0,12640,4336,0.13776543797891608,0.13,4306707,1v1
WangWenCao2_c0_c54,1,15295,15822,0.13216432789659166,0.13,4306707,1v1
WangWenCao2_c0_c54,0,12640,6693,0.1382786744775987,0.13,4306708,1v1
WangWenCao2_c0_c54,1,15295,15822,0.13216432789659166,0.13,4306708,1v1
WangWenCao2_c0_c54,0,12640,14386,0.13459684997676016,0.13,4306709,1v1
WangWenCao2_c0_c54,1,15295,15822,0.13216432789659166,0.13,4306709,1v1
WangWenCao2_c0_c54,0,13498,14423,0.225197501864654,0.22,4319366,1v1
WangWenCao2_c0_c54,1,25405,26244,0.22640728853959702,0.22,4319366,1v1
WangWenCao2_c0_c54,0,13498,14433,0.20980393310285206,0.2,4319367,1v1
WangWenCao2_c0_c54,1,22191,26244,0.20088503440811836,0.2,4319367,1v1
WangWenCao2_c0_c54,0,13498,14816,0.21801154619875104,0.21,4319368,1v1
WangWenCao2_c0_c54,1,22341,22369,0.21146567222662815,0.21,4319368,1v1
WangWenCao2_c0_c54,0,13498,14821,0.21894112838108823,0.21,4319369,1v1
WangWenCao2_c0_c54,1,22341,22369,0.21146567222662815,0.21,4319369,1v1
WangWenCao2_c0_c54,0,13498,15911,0.21978666162869553,0.21,4319370,1v1
WangWenCao2_c0_c54,1,22341,22369,0.21146567222662815,0.21,4319370,1v1
WangWenCao2_c0_c54,0,15285,13443,0.13278914757261312,0.13,4343093,1v1
WangWenCao2_c0_c54,1,15295,15822,0.13216432789659166,0.13,4343093,1v1
WangWenCao2_c0_c54,0,15285,14356,0.13369556644528588,0.13,4343094,1v1
WangWenCao2_c0_c54,1,15295,15822,0.13216432789659166,0.13,4343094,1v1
WangWenCao2_c0_c54,0,15285,15822,0.1441475811077773,0.14,4343095,1v1
WangWenCao2_c0_c54,1,5925,32408,0.14607397601533773,0.14,4343095,1v1
WangWenCao2_c0_c54,0,15582,13443,0.12529730633762115,0.12,4346080,1v1
WangWenCao2_c0_c54,1,25762,25773,0.12650004815263607,0.12,4346080,1v1
WangWenCao2_c0_c54,0,15798,13443,0.09407509764435108,0.09,4348105,1v1
WangWenCao2_c0_c54,1,14922,15705,0.09685875796347979,0.09,4348105,1v1
WangWenCao2_c0_c54,0,15798,14356,0.09293612284027841,0.09,4348106,1v1
WangWenCao2_c0_c54,1,14922,15705,0.09685875796347979,0.09,4348106,1v1
WangWenCao2_c0_c54,0,15798,15294,0.1270430253280544,0.12,4348107,1v1
WangWenCao2_c0_c54,1,25762,25773,0.12650004815263607,0.12,4348107,1v1
WangWenCao2_c0_c54,0,15798,15710,0.1383158679394525,0.13,4348108,1v1
WangWenCao2_c0_c54,1,15295,15822,0.13216432789659166,0.13,4348108,1v1
WangWenCao2_c0_c54,0,15798,15822,0.11045563602225407,0.11,4348109,1v1
WangWenCao2_c0_c54,1,21308,25404,0.11981857192440815,0.11,4348109,1v1
WangWenCao2_c0_c54,0,15798,18406,0.13863406998750888,0.13,4348110,1v1
WangWenCao2_c0_c54,1,15295,15822,0.13216432789659166,0.13,4348110,1v1
WangWenCao2_c0_c54,0,17641,2143,0.14167706562528584,0.14,4368820,1v1
WangWenCao2_c0_c54,1,5925,32408,0.14607397601533773,0.14,4368820,1v1
WangWenCao2_c0_c54,0,17641,4336,0.1181048865810335,0.11,4368821,1v1
WangWenCao2_c0_c54,1,21308,25404,0.11981857192440815,0.11,4368821,1v1
WangWenCao2_c0_c54,0,17641,13443,0.07619794657167313,0.07,4368822,1v1
WangWenCao2_c0_c54,1,8145,8409,0.07654274811874191,0.07,4368822,1v1
WangWenCao2_c0_c54,0,17641,14356,0.10658467765807744,0.1,4368823,1v1
WangWenCao2_c0_c54,1,30734,32028,0.1081852583202128,0.1,4368823,1v1
WangWenCao2_c0_c54,0,17641,14361,0.1337927856557315,0.13,4368824,1v1
WangWenCao2_c0_c54,1,15295,15822,0.13216432789659166,0.13,4368824,1v1
WangWenCao2_c0_c54,0,17641,14375,0.12741574252735383,0.12,4368825,1v1
WangWenCao2_c0_c54,1,25762,25773,0.12650004815263607,0.12,4368825,1v1
WangWenCao2_c0_c54,0,17641,15294,0.1422552516780001,0.14,4368826,1v1
WangWenCao2_c0_c54,1,5925,32408,0.14607397601533773,0.14,4368826,1v1
WangWenCao2_c0_c54,0,17641,15710,0.10484356805609904,0.1,4368827,1v1
WangWenCao2_c0_c54,1,30734,32028,0.1081852583202128,0.1,4368827,1v1
WangWenCao2_c0_c54,0,17641,15822,0.13347113246454745,0.13,4368828,1v1
WangWenCao2_c0_c54,1,15295,15822,0.13216432789659166,0.13,4368828,1v1
WangWenCao2_c0_c54,0,17641,18406,0.09638618201396551,0.09,4368829,1v1
WangWenCao2_c0_c54,1,14922,15705,0.09685875796347979,0.09,4368829,1v1
WangWenCao2_c0_c54,0,17641,20505,0.14338983905101446,0.14,4368830,1v1
WangWenCao2_c0_c54,1,5925,32408,0.14607397601533773,0.14,4368830,1v1
WangWenCao2_c0_c54,0,23270,2143,0.13235092088803266,0.13,4425289,1v1
WangWenCao2_c0_c54,1,15295,15822,0.13216432789659166,0.13,4425289,1v1
WangWenCao2_c0_c54,0,23270,4336,0.09941781835217073,0.09,4425290,1v1
WangWenCao2_c0_c54,1,14922,15705,0.09685875796347979,0.09,4425290,1v1
WangWenCao2_c0_c54,0,23270,13443,0.0925978958373542,0.09,4425291,1v1
WangWenCao2_c0_c54,1,14922,15705,0.09685875796347979,0.09,4425291,1v1
WangWenCao2_c0_c54,0,23270,14356,0.1223344627033785,0.12,4425292,1v1
WangWenCao2_c0_c54,1,25762,25773,0.12650004815263607,0.12,4425292,1v1
WangWenCao2_c0_c54,0,23270,14361,0.1210154768340105,0.12,4425293,1v1
WangWenCao2_c0_c54,1,25762,25773,0.12650004815263607,0.12,4425293,1v1
WangWenCao2_c0_c54,0,23270,14375,0.11503545531079684,0.11,4425294,1v1
WangWenCao2_c0_c54,1,21308,25404,0.11981857192440815,0.11,4425294,1v1
WangWenCao2_c0_c54,0,23270,14386,0.1343080656493059,0.13,4425295,1v1
WangWenCao2_c0_c54,1,15295,15822,0.13216432789659166,0.13,4425295,1v1
WangWenCao2_c0_c54,0,23270,14787,0.1492939950743626,0.14,4425296,1v1
WangWenCao2_c0_c54,1,5925,32408,0.14607397601533773,0.14,4425296,1v1
WangWenCao2_c0_c54,0,23270,15710,0.10786997326754855,0.1,4425297,1v1
WangWenCao2_c0_c54,1,30734,32028,0.1081852583202128,0.1,4425297,1v1
WangWenCao2_c0_c54,0,23270,15822,0.14990370677779208,0.14,4425298,1v1
WangWenCao2_c0_c54,1,5925,32408,0.14607397601533773,0.14,4425298,1v1
WangWenCao2_c0_c54,0,23270,18406,0.0891537732818455,0.08,4425299,1v1
WangWenCao2_c0_c54,1,1236,18011,0.08671010413470275,0.08,4425299,1v1
WangWenCao2_c0_c54,0,23270,20505,0.12736289925410593,0.12,4425300,1v1
WangWenCao2_c0_c54,1,25762,25773,0.12650004815263607,0.12,4425300,1v1
